CustomerID,FirstName,LastName,Gender,AnnualIncome,City
C04475,Nicholas,Borra,M,1936159.0,Kanpur
C03581,Bhavna,Guha,Other,3139189.0,Panchkula
C01415,Jeremiah,Tiwari,Male,,Thanjavur
C01140,Lohit,Manne,F,887544.0,Anand
C03221,Pranav,Chand,Female,2724094.0,CHENNAI
C00304,Reva,Kuruvilla,Male,1623458.0,
C01188,Bhavini,Parekh,F,2233582.0,Rohtak
C03755,Watika,Sarraf,M,1204342.0,Sirsa
C03244,Warjas,Bhatt,Male,1823563.0,Bhiwandi
C02818,Omisha,Goswami,,727224.0,Chandigarh
C03900,Yachana,Gokhale,F,429837.0,AMRITSAR
C04617,Yuvraj,Gupta,F,2184657.0,Bilaspur
C00428,Omisha,Keer,Male,774974.0,SHIVPURI
C00988,Gopal,Sengupta,Male,2672164.0,jhansi
C01611,Charan,Dhillon,female,2034264.0,Hazaribagh
C00747,Frederick,Rout,Other,1925351.0,Kamarhati
C03100,Suhani,Dutt,female,2169040.0,Sasaram
C04241,Amrita,Zachariah,M,1463172.0,Aurangabad
C04500,Lipika,Gala,Female,2510483.0,Bulandshahr
C03145,Priya,Wali,Female,848009.0,Serampore
C00318,Nihal,Acharya,,2071941.0,Akola
C02230,Anika,Chada,Male,,Ambala
C00787,Chaitanya,Mital,M,,Suryapet
C00407,Triya,Kadakia,Female,1164482.0,Sambalpur
C00767,Anya,Karpe,Other,2088013.0,Mahbubnagar
C03708,Tristan,Patil,male,2677654.0,GUWAHATI
C04369,Jason,Devi,Female,,Delhi
C00058,Yoshita,Lalla,M,2727302.0,Meerut
C04199,Dhriti,Ratta,Male,2948409.0,Mumbai
C00485,Patrick,Raju,Female,2475549.0,Bongaigaon
C00007,Girindra,Kala,Other,1347550.0,Sasaram
C00031,Advay,Chaudhry,female,839924.0,
C01705,Brinda,Bala,Other,1949038.0,Amritsar
C00551,Ishita,Dara,Female,1483605.0,ANAND
C03692,Oeshi,Mangal,female,1785825.0,Ajmer
C00729,Ethan,More,Male,492054.0,KHORA 
C01567,Arunima,Goel,O,1039689.0,Bangalore
C01184,Bina,Dugar,female,2973543.0,Etawah
C02632,Riya,Bora,Male,453089.0,Baranagar
C03710,Jairaj,Sankar,M,2360295.0,Bhusawal
C00481,Harsh,Nayar,Female,395303.0,Sonipat
C04061,Veer,Sandhu,Female,1367329.0,Panihati
C01792,Tara,Venkatesh,male,1524124.0,Begusarai
C04618,Vincent,Bora,F,835031.0,Anantapur
C03115,Advay,Raval,Other,404741.0,Motihari
C03553,Aayush,Narasimhan,Male,,Tirunelveli
C02541,Rehaan,Ray,Other,887116.0,Berhampur
C00111,Neelima,Shah,female,2985179.0,Mira-Bhayandar
C00082,Vritti,Sane,M,,Kolhapur
C00203,Nidra,Basu,female,1382314.0,Suryapet
C02388,Mugdha,Chowdhury,Female,,Tadipatri
C02323,Jai,Agrawal,Female,2303965.0,Aurangabad
C04656,Charvi,Sharaf,M,915481.0,BUXAR
C00978,Leena,Patla,female,3055043.0,Bareilly
C03217,Hritik,Bobal,M,2252636.0,bhusawal
C03828,Rishi,Balakrishnan,Other,1102466.0,Hindupur
C04073,Amara,Mistry,Other,542601.0,Tiruchirappalli
C00080,Warda,Das,O,2693283.0,Buxar
C00223,Harsh,Kuruvilla,M,3091984.0,adoni
C00687,Varenya,Sodhi,M,1507142.0,Sambalpur
C04941,Manbir,Kadakia,Female,,Phagwara
C03919,Charles,Goel,female,2240594.0,Bilaspur
C00779,Urvi,Subramaniam,male,2465803.0,Vellore
C04575,Rayaan,Mohanty,male,3041612.0,Jorhat
C00895,Yachana,Mitter,O,330512.0,Anantapuram
C02633,Dominic,Lad,Male,,Arrah
C01998,Michael,Chacko,F,1918765.0,Bharatpur
C04652,Udant,Mand,O,2844613.0,Bhalswa Jahangir Pur
C02669,Damyanti,Chander,male,644407.0,Udupi
C01825,Abeer,Verma,M,3084987.0,Guna
C02990,Sanaya,Loke,female,1438177.0,TIRUPATI
C04819,Nathan,Roy,female,402201.0,Tumkur
C02102,Indrajit,Munshi,male,946640.0,Uluberia
C01084,Ojas,Srivastava,M,2513580.0,Vellore
C00693,Wridesh,Mittal,F,2123718.0,FIROZABAD
C03625,Eesha,Rege,O,3287726.0,rohtak
C03486,Omaja,Hayre,F,3134128.0,Nashik
C02461,Maanas,Bava,male,664722.0,Etawah
C00373,Dayita,Dara,O,322458.0,NAGAON
C03563,Jhalak,Sood,Female,1796024.0,Chandrapur
C02269,Fiyaz,Ratti,Female,2113561.0,Ahmednagar
C04157,Ekbal,Sehgal,Male,1159485.0,Bharatpur
C01433,Tanvi,Toor,M,1723049.0,Allahabad
C04934,Vedika,Dhar,male,3449190.0,Raiganj
C04203,Shaurya,Krishnamurthy,M,2655037.0,Gurgaon
C01420,Kamala,Badal,Female,3019534.0,Etawah
C03959,Alexander,Sule,male,494431.0,Salem
C03896,Ekalinga,Devi,Male,1291604.0,phusro
C02284,Rohan,Malhotra,O,1878225.0,Gangtok
C01900,Chanakya,Sastry,O,1883802.0,Phagwara
C02099,Yahvi,Kapadia,O,887083.0,Jamnagar
C01200,Bhavika,Merchant,O,,Kharagpur
C02034,Nikita,Chawla,male,2703719.0,Morena
C00066,Waida,Kannan,M,1335199.0,South Dumdum
C03779,Tara,Lala,O,2137065.0,Dibrugarh
C02858,Andrew,Doctor,M,837379.0,Dhanbad
C04065,Leela,Rout,male,1737755.0,muzaffarpur
C02365,Garima,Prabhu,male,2399039.0,BHIWANDI
C00816,Nilima,Reddy,M,2177856.0,Bhusawal
C00791,Amaira,Dhawan,Other,329402.0,Bhiwandi
C03701,Aashi,Patel,F,1929924.0,Surat
C00880,Harsh,Shanker,M,2937572.0,medininagar
C02754,Bhavika,Dhar,male,1154601.0,Arrah
C03849,Ladli,Ben,Female,3200516.0,Thane
C04008,Noah,Shenoy,Female,1322648.0,
C01215,Abhiram,Master,M,3289653.0,Morena
C01000,Kala,Balan,M,2963880.0,Kadapa
C04717,Faraj,Sem,male,2740435.0,RAMGARH
C01657,Hemang,Pradhan,Female,516449.0,Shahjahanpur
C04669,Suhani,Solanki,Female,2146605.0,Karaikudi
C01596,Ekanta,Goswami,Other,331303.0,Korba
C01701,Abhiram,Chandra,Female,508416.0,Etawah
C01980,Robert,Narayan,F,314438.0,Etawah
C00923,Hemani,Seshadri,Male,1703649.0,Ambala
C04584,Raagini,Prashad,O,,Kavali
C04729,Upadhriti,Hegde,O,1812318.0,Davanagere
C04098,Noah,Wali,O,,Guntakal
C03955,Pushti,Dass,F,2692541.0,Bidar
C01716,Bimala,Balay,M,1288457.0,Jalgaon
C02030,William,Lad,Female,2908000.0,Arrah
C03836,Jai,Nagar,Male,2011811.0,Amaravati
C03938,Lakshmi,Dash,M,529265.0,Sambhal
C02575,Michael,Karan,male,1682193.0,Uluberia
C00146,Raghav,Ramaswamy,Other,2725444.0,Alappuzha
C00879,Benjamin,Dugal,male,,Nashik
C00181,Yug,Johal,O,3232075.0,JALGAON
C00091,Suhani,Seth,male,2412004.0,Singrauli
C00715,Nirja,Raju,M,1425330.0,Alwar
C00484,Yachana,Shan,M,534800.0,meerut
C00474,Simon,Mistry,Female,3069162.0,Munger
C01196,Yoshita,Suri,Female,2681141.0,Chandrapur
C04485,Charles,Biswas,female,2864898.0,Dehri
C00435,Tanmayi,Naidu,Male,1182993.0,
C04134,Theodore,Yohannan,M,1204789.0,Aurangabad
C03832,Finn,Mani,F,3337669.0,Ongole
C03308,Luke,Murty,Male,1207523.0,Tiruppur
C00518,Nicholas,Mohanty,O,624307.0,Hubli–Dharwad
C00462,Ekavir,Rama,male,349815.0,Nizamabad
C04497,Anmol,Koshy,,2672812.0,Ajmer
C01538,Sudiksha,Talwar,female,672068.0,Tezpur
C01145,Pallavi,Ratti,Female,2001343.0,Jamshedpur
C03090,Jeet,Cheema,Female,1187218.0,Morena
C04095,Balhaar,Saxena,M,2345496.0,
C00248,Bhavika,Sethi,Female,2583551.0,Thiruvananthapuram
C01412,Arya,Raj,female,1146898.0,Bhiwandi
C02140,Lavanya,Pandit,F,1967955.0,bokaro
C01625,Kashvi,Banerjee,,1994320.0,ahmednagar
C00113,Pavani,Khosla,O,724373.0,Katni
C01899,Vedhika,Shah,Male,1913177.0,Mango
C03975,Samesh,Rajan,female,1325036.0,Miryalaguda
C03759,Yamini,Jani,Female,2131068.0,madhyamgram
C03070,Bhavini,Sami,F,824475.0,Pali
C00082,Vritti,Sane,M,,Kolhapur
C03291,Yutika,Krishnamurthy,M,2570929.0,Muzaffarnagar
C00570,Vihaan,Zachariah,F,2455214.0,KOLHAPUR
C03592,Diya,Bali,female,2175527.0,Varanasi
C01910,Hredhaan,Dhingra,Female,3295905.0,
C02479,Manthan,Tella,Female,332996.0,Rewa
C03916,Yatan,Sodhi,F,2683319.0,Howrah
C00831,Amrita,Kulkarni,female,1881631.0,
C02441,Advik,Wason,male,1000439.0,Katni
C04101,Anvi,Deo,O,1630898.0,Malegaon
C04437,Nisha,Hans,,764128.0,RAEBARELI
C01942,Girish,Deshmukh,Other,1455784.0,Kishanganj
C01402,Charvi,Uppal,M,2843326.0,Siwan
C02707,Chanchal,Sule,male,2420997.0,DELHI
C02812,Robert,Zachariah,Male,3188584.0,Haridwar
C02456,Chandani,Ahluwalia,,974774.0,Tirunelveli
C01484,Mitesh,Kapur,Other,,gandhinagar
C02646,Jagat,Pillai,O,2073855.0,Gulbarga
C01219,Yuvraj,Mitter,male,1308812.0,Thrissur
C03260,Ranveer,Kapadia,male,329438.0,Avadi
C01024,Oscar,Dey,Female,3412042.0,Dibrugarh
C00327,Abha,Bahri,M,3084039.0,Ludhiana
C04303,Sara,Bail,,2255761.0,
C02884,Jackson,Din,Other,1424381.0,DURGAPUR
C01379,Arin,Cheema,Male,1734126.0,Dharmavaram
C02986,Bhavani,Chakraborty,,1544253.0,Pune
C02782,Riya,Padmanabhan,F,3222402.0,bally
C01720,Unni,Chaudhari,O,831952.0,PRODDATUR
C03898,Xiti,Lal,F,1056372.0,
C00193,Karan,Dass,Other,3153333.0,Mango
C02897,Krishna,Srinivasan,Female,2797647.0,indore
C00178,Waida,Kaur,Other,864592.0,Raurkela Industrial Township
C01017,Ladli,Rajagopal,F,2108862.0,Dharmavaram
C04390,Ubika,Sathe,M,1068424.0,Ulhasnagar
C03623,Tejas,Ganesh,Other,653040.0,firozabad
C02691,Abdul,Agrawal,Other,3062672.0,KOLKATA
C04707,Zaid,Mutti,,1874739.0,Nandyal
C02560,Benjamin,Deshmukh,M,553823.0,Raichur
C00232,Aarush,Prashad,M,3122459.0,
C01314,Tanay,Nori,O,1434924.0,Dibrugarh
C03096,Ekta,Nigam,female,2668997.0,Howrah
C04888,Harinakshi,Buch,Male,1465167.0,Siliguri
C04373,Nathaniel,Dubey,O,303063.0,
C04801,Mason,Din,F,577438.0,Nagercoil
C02466,Jacob,Varughese,F,2369081.0,Bhilai
C02376,Zayyan,Sachar,male,924999.0,Asansol
C04478,Eesha,Vala,Female,820045.0,Pondicherry
C02703,Ucchal,Dutta,M,2609169.0,Dindigul
C01380,Oliver,Deshpande,M,3282824.0,Pimpri-Chinchwad
C00605,Siya,Dasgupta,Male,1898705.0,Bareilly
C03020,Vedhika,Pandey,,2269745.0,Amritsar
C00509,Ojasvi,Tripathi,male,854999.0,Morbi
C04924,Anamika,Edwin,Female,2175235.0,Raichur
C03252,Gautam,Kumar,Male,754861.0,Anand
C01246,Zaid,Dyal,O,320910.0,ALWAR
C01059,Michael,Sidhu,O,1001797.0,Jabalpur
C04566,Wakeeta,Kapur,O,2757656.0,Dharmavaram
C00910,Isha,Gole,F,2631873.0,Arrah
C04477,Gabriel,Mall,Male,1146437.0,Khammam
C02277,Gautam,Saini,M,,Hindupur
C03374,Ekaja,Upadhyay,Male,972288.0,Serampore
C01113,Kalpit,Lata,Male,1639116.0,UDUPI
C00869,Sneha,Karnik,male,2553012.0,Bathinda
C01458,Mitesh,Dhar,M,3167329.0,PARBHANI
C03438,Faras,Sankar,Male,2584979.0,MATHURA
C00207,Kritika,Ramachandran,male,3469704.0,Mahbubnagar
C04272,Lajita,Thakkar,female,908151.0,Raichur
C03831,Wakeeta,Sachar,F,1216548.0,Karnal
C01042,Kai,Soman,Female,1117613.0,bhusawal
C01866,Teerth,Cherian,female,1007433.0,Meerut
C00987,Mohammed,Padmanabhan,O,1158595.0,Coimbatore
C00369,Pranav,Ghose,Other,1592027.0,Anantapur
C01816,Samaksh,Bhatnagar,O,696317.0,Kamarhati
C01993,Kamya,Bains,F,2646326.0,
C04298,Watika,Mukherjee,F,1162380.0,Morena
C04645,Raagini,Verma,F,2519943.0,Hubli–Dharwad
C02253,Hredhaan,Toor,female,2125820.0,Deoghar
C02340,Andrew,Bahl,female,2545123.0,Proddatur
C04706,Harinakshi,Nayar,Other,303862.0,Alwar
C00238,Neel,Khosla,female,2946369.0,
C01251,Ojasvi,Suresh,F,1811731.0,Chittoor
C01392,Shivansh,Chahal,male,3145832.0,
C02720,Indira,Kamdar,Male,,Bidar
C02373,Viraj,Bhagat,F,3380405.0,Sagar
C01373,Amol,Sur,male,1895409.0,Ahmedabad
C01443,Robert,Guha,Other,3014591.0,Korba
C00013,Samarth,Desai,Male,,Surendranagar Dudhrej
C02783,Krisha,Nayar,male,773389.0,Bhagalpur
C04957,Saanvi,Sandhu,Other,2758615.0,Tinsukia
C03109,Tanveer,Lad,,804179.0,Bhagalpur
C01758,Jyoti,Ramakrishnan,male,3248917.0,Allahabad
C01860,Diya,Barad,female,717716.0,Bareilly
C01868,Aahana,Nagar,male,1377067.0,Nandyal
C03490,Liam,Malhotra,Other,2105819.0,
C01767,Vanya,Basu,O,2203684.0,Bangalore
C04681,Urmi,Kale,O,3246056.0,Kamarhati
C03611,Yahvi,Kata,F,2590721.0,jalandhar
C02829,Tara,Murty,male,1749720.0,Parbhani
C03248,Chatresh,Suresh,O,3238117.0,Ghaziabad
C03877,Umang,Sarraf,M,2022521.0,gangtok
C01666,Gautam,Nair,Male,2987457.0,Hospet
C04664,Lakshmi,Chaudhary,O,3200891.0,bidar
C02780,Harita,Johal,female,1259518.0,Muzaffarpur
C01839,Aahana,Shere,Female,1283017.0,Berhampur
C00417,Ria,Bobal,Male,1910559.0,Kolhapur
C01598,Adya,Purohit,,376616.0,Hubli–Dharwad
C03446,Gunbir,Bhatia,male,2404559.0,SIRSA
C00712,Lavanya,Mukhopadhyay,O,2184428.0,Sambalpur
C04687,Kritika,Bera,Female,1029585.0,Chapra
C03251,Darsh,Soman,male,384746.0,Ranchi
C03792,Ronith,Shah,female,,Warangal
C00916,Mugdha,Cheema,Female,2852785.0,rajahmundry
C03733,Sathvik,Baria,Male,2037035.0,Bhind
C00236,Vansha,Patil,F,1269509.0,Gulbarga
C03024,Dayita,Chaudhary,Other,582925.0,Latur
C00938,Nathan,Shan,male,3033002.0,Satara
C01197,Girish,Merchant,Male,3374965.0,BHIWANI
C04623,Sachi,Halder,Male,2464268.0,Baranagar
C04551,Sarthak,Ghose,F,2319148.0,Nanded
C00275,Libni,Mitra,Female,2136773.0,Amritsar
C04038,Anmol,Hayre,O,2973656.0,Panvel
C02718,Qabil,Rau,male,700948.0,Madurai
C00352,Anika,Hari,Other,2169341.0,Raipur
C01245,Farhan,Sane,male,802317.0,Delhi
C04107,Inaya,Pradhan,Other,,Silchar
C01274,Laksh,Nagar,Other,1608838.0,Katihar
C01423,Jeevika,Patla,O,708465.0,Bharatpur
C00158,Nathan,Lad,Other,1337709.0,Khora 
C02379,Manan,Jha,O,2422968.0,Bardhaman
C03593,Nilima,Sarkar,F,2227272.0,Kumbakonam
C04596,Darsh,Swamy,O,3362074.0,Dindigul
C04947,Chasmum,Prasad,Male,1310656.0,
C03632,Fitan,Mukhopadhyay,O,3162215.0,Belgaum
C00085,Tara,Toor,female,1066835.0,Ichalkaranji
C02842,Vedhika,Ghosh,F,1897595.0,Bhiwani
C03409,Vasana,Pau,Other,1739972.0,Burhanpur
C01659,Omya,Ram,female,3399299.0,Bareilly
C00235,Parth,Sachdev,male,3284783.0,Vijayanagaram
C01962,Advika,Doctor,O,1727540.0,Silchar
C03503,Ishaan,Om,,,Proddatur
C01730,Geetika,Yogi,Female,984491.0,Miryalaguda
C04944,Radha,Nazareth,female,2209672.0,Dehradun
C03520,Falak,Sinha,Female,949046.0,Danapur
C00495,Naveen,Manda,Male,2762169.0,Nandyal
C01378,Jagvi,Ganesh,Female,500204.0,Mathura
C04123,Aahana,Rajagopalan,male,3153958.0,South Dumdum
C01074,Lucky,Dutta,Male,3085645.0,Ozhukarai
C01387,Yug,Mistry,female,1400507.0,Indore
C01999,Wriddhish,Chacko,M,2826411.0,Ambala
C00339,Isha,Mangat,Male,2096766.0,BHUSAWAL
C03080,Zarna,Mohan,F,687251.0,Etawah
C04606,Onveer,Naik,Other,2961976.0,Agartala
C02132,Arin,Varughese,Other,2494447.0,BUXAR
C01637,Ekalinga,Menon,O,2819942.0,Aurangabad
C01988,Anamika,Sandhu,male,2762456.0,Raurkela Industrial Township
C04675,Tamanna,Devan,F,1511858.0,Tirupati
C03875,Ekaraj,Randhawa,M,2191042.0,Gopalpur
C02278,Ayushman,Goda,male,2152104.0,warangal
C03125,Brijesh,Chandran,Female,2752482.0,Jamalpur
C00948,Wahab,Sandhu,Female,1011794.0,Hajipur
C00269,Yochana,Boase,male,2219668.0,Korba
C01315,Yochana,Ghosh,male,3043033.0,Guwahati
C02504,Indira,Modi,Male,3482908.0,
C01220,Balendra,Hora,male,2156723.0,Chittoor
C00141,Vedika,Vig,O,941069.0,sambhal
C02392,Jason,Ravel,Male,2187823.0,
C03713,Champak,Nair,O,1062553.0,madhyamgram
C03334,Jeremiah,Nagy,male,1424067.0,Pali
C01317,Nicholas,Ravel,Female,2317582.0,Sangli-Miraj & Kupwad
C00443,Rachita,Nair,female,2332011.0,Sasaram
C02790,Wazir,Ben,O,2213044.0,Lucknow
C03485,Kala,Kari,Female,2219710.0,Nellore
C01359,Anay,Pau,male,2503219.0,Shahjahanpur
C03795,Pooja,Ray,female,2337763.0,Singrauli
C00719,Damini,Dixit,Other,1560914.0,Satara
C03501,Arunima,Bir,Other,,Guwahati
C02672,Chanakya,Handa,Male,2427325.0,Bahraich
C00395,Laban,Char,male,960097.0,Aurangabad
C00379,Ranbir,Pingle,F,2367888.0,Jabalpur
C02350,Liam,Mohan,O,343773.0,Guntakal
C04154,Ayaan,Sane,Female,2288756.0,Ongole
C00817,Chakrika,Gandhi,Other,3404225.0,Ulhasnagar
C04274,Nitesh,Devi,female,2955575.0,Mysore
C01477,Hemani,Rout,F,842845.0,Bharatpur
C02610,Aishani,Karan,M,2169120.0,Bhagalpur
C04374,Gaurang,Nadkarni,M,3094935.0,patiala
C02128,Yatin,Tripathi,male,784082.0,New Delhi
C02318,Pushti,Menon,M,2980328.0,ahmednagar
C01284,Veer,Bhat,female,2175449.0,sagar
C01424,Christopher,Nagy,M,883001.0,Panvel
C00836,Anjali,Maharaj,Other,3472501.0,Bhiwani
C04812,Chandani,Chada,F,2799997.0,Hubli–Dharwad
C02104,Pallavi,Halder,male,1548560.0,Kurnool
C00308,Joshua,Bhalla,Other,3297226.0,Jalgaon
C01398,Lavanya,Kakar,M,2145288.0,Bhusawal
C03478,Jagrati,Dixit,O,3186605.0,Panvel
C00621,Radha,Sarin,Other,1413440.0,CHANDIGARH
C01371,Rajeshri,Mukherjee,Female,869753.0,Dharmavaram
C00884,Bachittar,Raval,O,1750643.0,Deoghar
C00016,Qasim,Kalita,female,1677025.0,Delhi
C02367,Dhriti,Sarraf,female,1373203.0,Deoghar
C02174,Madhav,Wali,Female,2314126.0,Shimoga
C01385,Vasudha,Chowdhury,Other,2061932.0,North Dumdum
C03249,Bhanumati,Bakshi,F,2038848.0,Thrissur
C04927,Oscar,Mani,female,1489825.0,Visakhapatnam
C02704,Fitan,Yohannan,female,2240706.0,Ozhukarai
C04760,Theodore,Sem,Other,2008088.0,Pune
C03822,Anita,Tiwari,male,2816530.0,NANGLOI JAT
C01436,Kala,Nori,Other,761687.0,chandrapur
C00576,Chasmum,Baral,M,577067.0,Yamunanagar
C03782,Tripti,Lad,female,2303127.0,Amroha
C04064,Ranveer,Loke,M,2962087.0,
C01602,Anita,Banik,O,2379424.0,Durgapur
C04726,Kritika,Contractor,female,467515.0,Aurangabad
C02935,Advik,Bahl,male,1926419.0,Malegaon
C04329,Bimala,Swaminathan,female,2794808.0,Jabalpur
C02247,Sanaya,Gour,Other,2658001.0,Howrah
C01990,Anita,Kala,Male,484060.0,Chandrapur
C01122,Falan,Ramachandran,Female,2492287.0,Avadi
C01134,Omya,Mukhopadhyay,M,2587979.0,Raebareli
C02671,Arin,Dayal,Female,3399454.0,Meerut
C03173,Bahadurjit,Ray,F,874517.0,Visakhapatnam
C04110,Charvi,Solanki,M,2529871.0,PATIALA
C00490,Ethan,Kant,female,1733697.0,
C01779,Caleb,Parikh,Female,3143562.0,
C00792,Michael,Bal,Male,3017227.0,Guna
C02389,Vasudha,Dugar,O,,Thiruvananthapuram
C03000,Riya,Jain,O,1924374.0,Jalna
C02330,Rayaan,Char,F,589098.0,Rajahmundry
C01008,Sathvik,Pillay,Other,1712920.0,Madanapalle
C04464,Tanay,Ratta,F,551884.0,Kavali
C03583,Amara,Kota,O,747744.0,Hindupur
C01620,Andrew,Narula,Male,417339.0,Malda
C01986,Gaurang,Grover,Female,3118636.0,Begusarai
C03401,Radha,Kala,Female,3106734.0,Thoothukudi
C01636,Chatresh,Goel,female,2341239.0,Delhi
C02389,Vasudha,Dugar,O,,Thiruvananthapuram
C04183,Isha,Bassi,F,2163825.0,berhampur
C04640,Chameli,Sinha,Female,526939.0,Amravati
C01256,Jagdish,Tak,female,1094846.0,Saharanpur
C03168,Kalpit,Chowdhury,Male,1707495.0,farrukhabad
C03965,Sudiksha,Sibal,female,2669629.0,Shimoga
C02955,Turvi,Deo,F,614779.0,Visakhapatnam
C00644,Ekta,Iyengar,,2808500.0,Nadiad
C00289,Vidhi,Tripathi,female,3321152.0,Tirupati
C03775,Urvi,Sibal,female,2906488.0,Panihati
C03473,Quincy,Dixit,O,571651.0,Nadiad
C00037,Divya,Wadhwa,female,309580.0,Morena
C02307,Aadi,Mammen,male,3082253.0,Lucknow
C01551,Yamini,Venkatesh,male,3259071.0,Fatehpur
C01228,Girish,Bobal,Other,631868.0,Phagwara
C04210,Tejas,Upadhyay,Female,3425584.0,
C01590,Vanya,Sandal,F,,Haldia
C00615,Urvashi,D’Alia,O,2821488.0,Jammu
C01936,Lucky,Balasubramanian,Other,811161.0,SURAT
C04884,Ikbal,Dugar,O,3245015.0,Kochi
C01434,Qasim,Rattan,Female,2684306.0,Mysore
C01873,Dhriti,Dixit,O,2804330.0,Akola
C00704,Urvi,Mangat,female,1122935.0,Ichalkaranji
C01089,Hredhaan,Badami,Male,2846030.0,Bangalore
C01858,Leena,Thaker,,1739575.0,Mango
C00341,Yahvi,Magar,Other,2149463.0,Sagar
C04238,Azad,Venkataraman,Other,622540.0,JALGAON
C00419,Urmi,Bhargava,O,1945244.0,
C03254,Advaith,Pall,F,,Sirsa
C03223,Advika,D’Alia,M,1705580.0,Surendranagar Dudhrej
C04131,Aarav,Kannan,F,2337308.0,Gwalior
C00773,Ubika,Patil,O,1166155.0,maheshtala
C04703,Yashasvi,Deol,Female,2669954.0,Morena
C00628,Chavvi,Kumar,female,2647545.0,Vadodara
C03763,Qarin,Joshi,M,2730192.0,Meerut
C00981,Harshil,Sant,M,739676.0,Cuttack
C01302,Yagnesh,Soman,Male,1058900.0,Noida
C01043,Ojas,Choudhury,M,2214693.0,kakinada
C00962,Aryan,Bali,M,929310.0,Patna
C02550,Isha,Saran,O,1138924.0,
C04466,Sai,Sachar,M,2761373.0,SILIGURI
C03205,Krishna,Prakash,F,804516.0,Dharmavaram
C00802,Yug,Murty,Male,2835797.0,Raurkela Industrial Township
C00695,Jalsa,Sahni,Female,565663.0,Dhanbad
C02023,Devika,Wable,female,2010426.0,Chandigarh
C02086,Bimala,Nair,Other,1047768.0,Jodhpur
C03943,Dev,Mutti,Female,2998600.0,Erode
C04292,Gauri,Varghese,Female,1509289.0,Hapur
C01991,Veer,Chaudhry,female,510142.0,JUNAGADH
C00668,Aadhya,Shroff,O,374551.0,Bhiwani
C01949,Dakshesh,Dugal,Female,1206631.0,Raipur
C03794,Shaurya,Ahuja,M,2860492.0,Korba
C01118,Zansi,Sabharwal,Other,2851915.0,Bhagalpur
C02298,William,Keer,Male,538204.0,Kakinada
C02789,Advay,Varkey,O,656417.0,Gopalpur
C03075,Rehaan,Bhalla,O,3385706.0,Jalgaon
C04668,Vasudha,Varma,Male,1197460.0,Sri Ganganagar
C04895,Yatin,Bandi,Other,1021425.0,Aizawl
C04362,Prisha,Viswanathan,Female,3251487.0,Bongaigaon
C02861,Lakshmi,Chaudhari,Other,2643078.0,Sangli-Miraj & Kupwad
C02871,Lajita,Kanda,Female,1305045.0,Sikar
C04932,Chakradev,Bhakta,O,1811997.0,Tumkur
C02106,Simon,Din,female,1077228.0,Madanapalle
C01507,Jagvi,Venkataraman,Female,2021322.0,Anantapur
C01894,Gaurika,Rastogi,O,894795.0,Solapur
C02882,Rohan,Kota,Male,2700031.0,Fatehpur
C01460,Om,Varty,M,1357403.0,Patna
C03414,Rachit,Mishra,O,3213244.0,Ongole
C04344,Jai,Mahajan,Male,449030.0,Bhalswa Jahangir Pur
C00353,Nandini,Iyer,O,3265935.0,Burhanpur
C00960,Zayyan,Sarkar,Male,3156791.0,Ongole
C02975,Anay,Sibal,Male,3346627.0,nizamabad
C04904,Advaith,Biswas,O,1226975.0,Dehri
C01348,Jack,Kohli,male,2858143.0,Kadapa
C00409,Vasana,Chad,F,311952.0,Arrah
C02711,Priya,Sankar,M,2446429.0,Guntakal
C03461,Ganga,Bobal,female,511271.0,KURNOOL
C04482,Nidhi,Sabharwal,Other,2127375.0,amravati
C00089,Mekhala,Sheth,F,1203584.0,Ambarnath
C02918,Jeet,Bhargava,F,2350735.0,Nadiad
C04200,Chaitaly,Kohli,male,3007167.0,Dhanbad
C04632,Onkar,Sarkar,F,3400105.0,Aizawl
C03436,Libni,Gandhi,O,1046757.0,
C04278,Indali,Bobal,male,2959980.0,Morbi
C01104,Januja,Kale,M,3130433.0,Jhansi
C02182,Theodore,Badami,male,1888585.0,Rewa
C02593,Darsh,Rastogi,M,1978610.0,Durgapur
C02838,Kevin,Radhakrishnan,male,690018.0,Navi Mumbai
C03892,Ladli,Keer,O,558037.0,Mathura
C02926,Akshay,Dube,Other,1673121.0,BELLARY
C04043,Tanvi,Joshi,F,3266048.0,Naihati
C00760,Manya,Agarwal,F,2499942.0,New Delhi
C03283,Ethan,Tara,F,1114426.0,Hosur
C02471,Januja,Sharma,M,1472683.0,Vadodara
C04627,Osha,Lata,O,892901.0,Bidar
C04533,Theodore,Lanka,Female,1604669.0,Jamalpur
C01123,Onkar,Gour,F,1004730.0,Jamalpur
C03562,Yatin,Narayanan,M,667580.0,MYSORE
C00468,Sachi,Garg,F,2166994.0,hospet
C02186,Adweta,Atwal,female,,Hosur
C00537,Zehaan,Vaidya,F,2203894.0,Serampore
C00459,Warda,Mand,M,3305828.0,Uluberia
C02413,Ishanvi,Krish,O,2665109.0,Satna
C00711,Wahab,Palla,F,727375.0,Rajkot
C00156,Kiaan,Garg,female,2674412.0,Chittoor
C02347,Oliver,Khatri,Male,1820982.0,Mahbubnagar
C02816,Krishna,Singhal,Female,1797126.0,Bidar
C02026,Sudiksha,Viswanathan,F,2600426.0,Adoni
C02180,Panini,Comar,Female,845063.0,Barasat
C04307,Jacob,Kala,female,697980.0,ozhukarai
C00467,Kamala,Tiwari,Female,1334556.0,
C02958,Owen,Rai,F,1898995.0,Khammam
C03391,Zehaan,Shanker,O,1136581.0,Latur
C00681,Arya,Mistry,male,1657846.0,Bokaro
C03637,Abdul,Bahl,female,2142140.0,Sirsa
C00022,Pushti,Dubey,male,1667624.0,Dehri
C01944,Urvashi,Kara,Other,1687831.0,Firozabad
C00638,Chaitaly,Pal,Female,2226333.0,gurgaon
C01461,Hamsini,Karan,male,1509994.0,Mumbai
C01148,Anika,Gokhale,male,2873014.0,Dhanbad
C03887,Arya,Narayan,female,2436416.0,bhopal
C03496,Devansh,Mahajan,O,2689230.0,Vijayanagaram
C01660,Ridhi,Narayan,Other,538644.0,Singrauli
C01554,Gagan,Rattan,Female,778513.0,Amaravati
C00487,Dakshesh,Sharma,Female,1446349.0,Avadi
C02357,Dhruv,Kala,female,2256389.0,Jammu
C02133,Xalak,Wali,Other,3333401.0,Satara
C02932,Unni,Bansal,female,695164.0,rewa
C02438,Eta,Hegde,Other,2879865.0,THRISSUR
C04405,Hredhaan,Dhar,male,3167505.0,Ratlam
C04209,Januja,Ghose,M,865313.0,Chennai
C04286,Gautami,Sanghvi,Other,2914684.0,Anand
C01013,Pavani,Mahajan,female,2661757.0,
C03340,Aachal,Kunda,female,2764698.0,Chinsurah
C03901,Daksh,Pradhan,Male,1269510.0,Jammu
C02144,Shivani,Reddy,,1735845.0,Durgapur
C03480,Odika,Kumer,O,1991829.0,Karnal
C03428,Tripti,Yohannan,Other,2708108.0,Aligarh
C01139,Aarna,Dixit,Female,2571074.0,Saharsa
C02172,Samuel,Bhandari,Female,721679.0,ramagundam
C01386,Thomas,Ramanathan,Female,2052939.0,UDAIPUR
C02333,Jeremiah,Loyal,Other,,Tezpur
C01582,Neha,Bhatnagar,Female,1600072.0,Machilipatnam
C01745,Charles,Arora,male,2483885.0,Bhimavaram
C00171,Yagnesh,Hari,female,406405.0,Mehsana
C01667,Bhanumati,Sarkar,F,,Hazaribagh
C04952,Mekhala,Dhar,F,3153613.0,Faridabad
C03346,Omisha,Lalla,O,3073207.0,Nagpur
C03467,Yashawini,Tak,O,3131055.0,Mau
C00957,Tamanna,Soman,Female,1111429.0,Ichalkaranji
C04349,Timothy,Kant,,967410.0,Junagadh
C03575,Neelima,Lanka,male,954863.0,JORHAT
C01591,Jonathan,Deo,,1580010.0,Dhule
C00783,Prisha,Raj,Male,2006735.0,Guntur
C02509,Owen,Shankar,female,3137220.0,Thiruvananthapuram
C02437,Vamakshi,Bhat,O,3179977.0,VIJAYAWADA
C01287,Raksha,Badal,female,2616660.0,Sambhal
C03643,Udyati,Khosla,female,1452517.0,Rohtak
C04170,Eesha,Prabhakar,Female,2157539.0,Anand
C00261,Hema,Contractor,F,2547233.0,Tenali
C01093,Ridhi,Misra,female,,Guna
C01559,Osha,Chakraborty,female,1820991.0,Raipur
C02653,Azaan,Varghese,Female,2253307.0,Jaunpur
C04830,Meghana,Seth,O,2139121.0,Rajpur Sonarpur
C04236,Vasana,Dara,female,1360752.0,Dehri
C03543,Raghav,Venkatesh,male,357527.0,Karnal
C03401,Radha,Kala,Female,3106734.0,Thoothukudi
C02305,Isaiah,Shanker,male,1615951.0,Rourkela
C03980,Rachita,Gokhale,Female,316573.0,Salem
C01641,Gopal,Sheth,O,411982.0,Bokaro
C02539,Wakeeta,Sundaram,F,1831410.0,Nashik
C03651,Yashoda,Mital,Other,,INDORE
C00173,Bhavya,Anand,Female,2682377.0,Burhanpur
C00612,Unnati,Kaul,female,3418899.0,Morena
C01096,Zehaan,Sabharwal,Male,569913.0,Hajipur
C03307,Vivaan,Pandit,O,932992.0,Muzaffarpur
C03928,Jatin,Parmer,Female,1118180.0,Bidhannagar
C04611,Vedhika,Natt,female,2211023.0,Tiruchirappalli
C01296,Aadi,Luthra,Female,1336884.0,Salem
C03060,Upkaar,Rai,,3492196.0,Tiruchirappalli
C03909,Janani,Tailor,M,781929.0,SURENDRANAGAR DUDHREJ
C02601,Abdul,Walia,Female,,VISAKHAPATNAM
C00834,Rachana,Balan,Other,847743.0,Davanagere
C02905,Zaid,Sur,Male,895218.0,hospet
C02921,Rayaan,Mangal,F,1971965.0,Mysore
C04232,Onkar,Raval,F,376996.0,SIKAR
C01486,Aachal,Gandhi,O,1633863.0,PALLAVARAM
C03005,Vritti,Bhandari,Other,2655736.0,
C03237,Banjeet,Purohit,Female,1428550.0,chinsurah
C01864,Hema,Pandey,M,2140851.0,Visakhapatnam
C03298,Chakradhar,Varghese,Female,1037282.0,ALIGARH
C04141,Arjun,Upadhyay,male,2629823.0,Pudukkottai
C02472,Triya,Setty,F,679285.0,TIRUNELVELI
C01799,Upkaar,Ramaswamy,Other,3035612.0,
C04970,Ikbal,Lalla,O,1305662.0,Siwan
C03362,Om,Char,F,3172698.0,Hajipur
C01653,Balveer,Pant,male,2407622.0,Tirunelveli
C00497,Nihal,Kibe,F,2557731.0,guna
C01547,Anita,Pathak,M,3358510.0,Nandyal
C03724,Maanav,Panchal,F,1628675.0,Nanded
C01135,Damini,Madan,,1792254.0,Varanasi
C03667,Niharika,Garg,F,1576860.0,ranchi
C02713,Faras,Mishra,female,1431654.0,Mira-Bhayandar
C02880,Gauri,Iyengar,Male,1647570.0,
C02997,Pallavi,Chakrabarti,Other,1203094.0,Satara
C01305,Ladli,Brahmbhatt,Female,819418.0,Narasaraopet
C00076,Chatresh,Narula,M,3147520.0,Rampur
C04774,Rudra,Ramesh,O,1285729.0,Bhatpara
C01524,Gaurangi,Pant,Male,1561680.0,Bhopal
C00690,Balendra,Sule,F,1546501.0,Bidhannagar
C00135,Ubika,Ben,,2232895.0,Ozhukarai
C02270,Netra,Gera,Female,3489231.0,Bardhaman
C03347,Rushil,Pradhan,O,945875.0,Ballia
C00042,Vinaya,Chawla,F,2272140.0,SATNA
C01898,Robert,Chopra,female,1752963.0,Khora 
C02698,Jack,Bhatt,female,2058624.0,Kota
C04308,Wazir,Mukhopadhyay,Male,2207923.0,Tadipatri
C02548,Hardik,Dass,Female,2926179.0,Dewas
C01432,Tamanna,Dada,M,2031216.0,Malda
C03747,Arin,Raju,Male,2674979.0,SIWAN
C04070,Samaksh,Patel,male,1344551.0,kalyan-dombivli
C04435,Isaiah,Tailor,F,2373907.0,Sagar
C03571,Kala,Toor,F,340555.0,Mahbubnagar
C03518,Tanmayi,Chokshi,M,1802331.0,Phagwara
C02599,Sai,Korpal,male,2748850.0,
C03305,Ethan,Panchal,male,2095091.0,hajipur
C01355,Raksha,Dey,male,1740518.0,new delhi
C02163,Chakrika,Kala,O,1792200.0,Dharmavaram
C03152,Jagat,Ray,Male,890047.0,Ramagundam
C01318,Aayush,Desai,male,397594.0,Ozhukarai
C02728,David,Krish,Female,1253642.0,
C03734,Eta,Mani,O,3175700.0,Sonipat
C02299,Yasti,Manda,O,1614006.0,Ludhiana
C02087,Darsh,Bhalla,Female,2962676.0,Ozhukarai
C02520,Oeshi,Natarajan,Male,1103604.0,Hyderabad
C03569,Netra,Butala,male,2680836.0,DANAPUR
C02319,Devika,Atwal,male,1282435.0,Amroha
C02154,Krish,Taneja,Other,2341051.0,Bettiah
C04690,Oviya,Tank,F,1673059.0,Buxar
C01714,Nikita,Pant,Male,2275626.0,Saharsa
C01094,Harita,Dhar,O,1285032.0,
C02693,Wahab,Bhardwaj,Male,2601416.0,Surat
C01335,Ekaja,Balay,male,1828894.0,
C04201,Harrison,Sarraf,O,1452570.0,jaipur
C03117,Dipta,Thaman,female,1309494.0,RATLAM
C03380,Yug,Dhar,Other,3444810.0,kalyan-dombivli
C02019,Yash,Ramanathan,F,675781.0,berhampore
C04637,Saksham,Hora,Female,2119740.0,Gulbarga
C02288,Oviya,Gill,O,2255247.0,Bathinda
C04738,Ridhi,More,F,3289057.0,Udaipur
C04971,Mason,Rana,Male,1143892.0,rohtak
C04578,Hitesh,Balan,Female,320160.0,korba
C04954,Dhriti,Chanda,Other,3232993.0,Warangal
C02865,Teerth,Grover,Other,533493.0,Ujjain
C01316,Zayyan,Cheema,Male,1810822.0,cuttack
C00549,Jhalak,Sawhney,male,2059544.0,Khora 
C03167,Gaurangi,Zacharia,male,2698604.0,Gopalpur
C04409,Atharv,Sandhu,Other,2852617.0,Haridwar
C04466,Sai,Sachar,M,2761373.0,SILIGURI
C02278,Ayushman,Goda,male,2152104.0,warangal
C01459,Parth,Maharaj,Other,3397367.0,Kozhikode
C02630,Darpan,Suri,Female,1962042.0,MAHESHTALA
C04787,Agastya,Vora,Male,931910.0,Hajipur
C04573,Dipta,Kannan,Female,528640.0,Srikakulam
C02828,Vansha,Ray,Female,3422959.0,nizamabad
C01971,Tanish,Prabhakar,male,3492677.0,Buxar
C01984,Tanay,Gola,F,3457224.0,RAJKOT
C02981,Brinda,Dora,Female,2075074.0,guntur
C02956,Sanaya,Sankar,O,884968.0,Dehradun
C00282,Shivani,Shenoy,Male,839849.0,morena
C03227,Gagan,Mukhopadhyay,M,861609.0,mysore
C02877,Aarush,Oak,O,,Khammam
C02891,Zansi,Madan,O,900746.0,Vijayanagaram
C00646,Neelima,Mukhopadhyay,Other,2814443.0,Bardhaman
C03099,Ethan,Sarna,Male,2547429.0,Patna
C03961,Tripti,Seth,Other,1326865.0,Rajkot
C04018,Qasim,Pillay,Male,2763385.0,Ambarnath
C00755,Omaja,Verma,female,635808.0,
C01661,Pallavi,Kapoor,O,1748974.0,hindupur
C01404,Edhitha,Memon,Female,2445966.0,alappuzha
C04958,Udant,Raj,Other,2350680.0,DINDIGUL
C02085,Hemangini,Sarna,Male,1642849.0,Bardhaman
C02380,Rohan,Trivedi,F,2123071.0,Parbhani
C00432,George,Bhargava,,2916023.0,Uluberia
C03939,Jackson,Lad,Other,3013068.0,Dewas
C02636,Dalbir,Patla,M,2880531.0,Muzaffarpur
C02355,Qarin,Kakar,M,1603970.0,Bhavnagar
C00129,Bhavani,Oommen,male,1934802.0,Nanded
C02285,Janani,Shenoy,Female,612163.0,Katni
C01179,Triya,Bansal,Other,3157341.0,Hindupur
C00701,Aayush,Gara,Female,,Dewas
C03136,Caleb,Lal,Male,1538696.0,Gwalior
C00684,Umang,Mani,F,2451219.0,
C03524,Raghav,Chacko,Male,364331.0,Kakinada
C02080,Pushti,Mistry,F,3010026.0,vijayanagaram
C00629,Om,Maharaj,Female,1548867.0,
C02854,Warjas,Sami,Male,2920494.0,Tadipatri
C01216,Irya,Vala,Male,1474947.0,Begusarai
C04727,Chanakya,Sachdeva,F,1059798.0,ghaziabad
C04126,Anya,Narasimhan,Other,2542717.0,Morena
C02506,Chatresh,Bala,male,2551599.0,Eluru
C04742,Zansi,Ramakrishnan,female,2286493.0,Tinsukia
C02179,Yagnesh,Srinivasan,Other,556419.0,Udupi
C00247,Kala,Saran,male,1621890.0,Tirupati
C03549,Saksham,Seth,Other,,Mira-Bhayandar
C04794,Anvi,Kapadia,M,,BURHANPUR
C04222,Triya,Nadig,female,2946387.0,Giridih
C04468,Tanish,Naik,Other,728291.0,Jabalpur
C03263,Reyansh,Mukhopadhyay,F,873048.0,Jaipur
C03753,Yatan,Tailor,female,1861779.0,Kollam
C02291,Jeevika,Comar,Male,1015380.0,Bhiwani
C04635,Zashil,Date,Male,2763933.0,Srinagar
C03542,Manbir,Hari,O,2107607.0,ASANSOL
C01546,Anvi,Varghese,M,2879691.0,Rajahmundry
C03757,Ethan,Sankaran,O,597593.0,dindigul
C00425,Radhika,Mandal,male,1069072.0,Deoghar
C02519,Peter,Khurana,female,1821270.0,Shimoga
C03479,Samar,Sane,female,2444435.0,Coimbatore
C02369,Chameli,Talwar,female,369407.0,Chennai
C03894,Unni,Contractor,Female,1358129.0,Nagercoil
C04766,Nikita,Hora,Male,737922.0,Noida
C01704,Shivani,Ghosh,female,1358442.0,Jabalpur
C01708,Gauri,Sarkar,O,2660767.0,Faridabad
C00384,Yash,Patel,Male,759314.0,
C03880,Devika,Mallick,M,1967018.0,Silchar
C00075,Omya,Buch,Female,1217017.0,Ozhukarai
C01349,Meera,Sastry,F,393295.0,Bidhannagar
C02836,Kavya,Jayaraman,Female,2816370.0,Muzaffarnagar
C03377,Maanas,Chadha,male,,Panihati
C03770,Warjas,Trivedi,M,2738431.0,Malegaon
C04205,Aadhya,Rattan,male,2527310.0,WARANGAL
C04863,Pranit,Vasa,O,1426332.0,Kishanganj
C02618,Adweta,Bajwa,M,3015879.0,
C03881,Jairaj,Toor,F,1261579.0,bhind
C01022,Tara,Magar,female,3249177.0,
C02403,Nachiket,Rege,male,380393.0,Rajkot
C03030,Zayan,Prashad,Female,1139731.0,Lucknow
C00324,Maya,Vohra,female,481332.0,Hapur
C03376,Gagan,Baria,Female,3227335.0,Tadipatri
C02673,Lucky,Bhargava,O,923142.0,Dehri
C02872,Sara,Sinha,Other,1571315.0,bokaro
C04088,Nitesh,Sangha,Other,904302.0,Farrukhabad
C04372,Jagrati,Rao,M,2932166.0,Khammam
C01248,Ekta,Ghose,Male,459629.0,SERAMPORE
C03193,Mekhala,Om,O,439311.0,bhimavaram
C00540,Nitesh,Jhaveri,M,1114946.0,Firozabad
C00546,Ekansh,Wadhwa,M,3368584.0,Rajahmundry
C04813,Sara,Oza,O,2823230.0,MORENA
C03325,Devansh,Kala,M,2500021.0,Amaravati
C02452,Oeshi,Mistry,Female,,
C04430,Geetika,Thaker,Female,964980.0,Bhagalpur
C01744,Kiaan,Yohannan,male,1902676.0,Hazaribagh
C02668,Prisha,Dubey,M,646776.0,Shimla
C04352,Shaurya,Dhar,O,2476703.0,Bhavnagar
C04484,Hiral,Lad,M,2675629.0,SAMBALPUR
C03906,Kai,Ahluwalia,Male,3376705.0,Kharagpur
C04127,Meera,Narula,male,957499.0,Ichalkaranji
C00208,Xalak,Mukhopadhyay,F,2970703.0,Indore
C04136,Rachita,Varghese,Other,1271757.0,Malda
C00931,Chanakya,Bora,male,1011905.0,GULBARGA
C03922,Chakradev,Sarna,female,1306294.0,nagaon
C04010,Anika,Mitter,male,3233568.0,
C00665,Ladli,Rattan,female,1680103.0,Hazaribagh
C02585,Lucky,Kulkarni,Male,2400220.0,
C03277,Quincy,Rege,Male,3237839.0,Motihari
C02237,Chakradhar,Dani,F,1735188.0,Patna
C04574,Arjun,Saha,male,551926.0,Amaravati
C00720,Lajita,Mann,O,1636132.0,NADIAD
C02489,Adya,Sibal,O,558153.0,BAHRAICH
C04920,Harrison,Solanki,M,1771335.0,Miryalaguda
C01642,Oviya,Verma,male,1089713.0,Thanjavur
C02332,Vasana,Sama,,1029976.0,Latur
C01856,Charles,Mall,male,904156.0,BHILWARA
C03723,Jackson,Murthy,F,1383956.0,Dehri
C00186,Sara,Zacharia,male,2146958.0,Rourkela
C03870,Warhi,Ravi,male,2437066.0,Nashik
C03695,Darika,Sagar,Female,3345746.0,BOKARO
C04213,Pushti,Grover,F,487876.0,Gorakhpur
C01272,Patrick,Thakkar,O,1470354.0,Adoni
C03787,Veda,Morar,male,635580.0,anantapuram
C01680,Aishani,Barad,Male,2211184.0,
C01362,Ishita,Chandra,Male,705692.0,Silchar
C04230,Udarsh,Chahal,male,2272733.0,ARRAH
C01725,Owen,Rout,O,2737691.0,Proddatur
C03810,Reva,Tara,O,368084.0,Bhubaneswar
C02215,Anthony,Gour,male,2080693.0,
C03059,Faras,Sarma,F,757484.0,Dhule
C01911,Kalpit,Deshpande,Male,813314.0,
C00499,Harshil,Pandey,female,2866577.0,Bhagalpur
C03433,Chandani,Sarraf,Female,2587288.0,Rohtak
C02074,Bimala,Mitra,O,1022905.0,AIZAWL
C02147,Triveni,Batra,female,1883476.0,WARANGAL
C04179,Oeshi,Pathak,O,2790693.0,Kota
C02680,Kalpit,Narayanan,female,,Sambhal
C03180,Ekapad,Borra,female,2431969.0,Guwahati
C02706,Bimala,Gade,M,2099674.0,Adoni
C02425,Jagrati,Ahluwalia,Other,346061.0,Malda
C04498,Ojasvi,Raj,M,1871069.0,HOWRAH
C00049,Kamala,Mitter,Female,3011117.0,Udupi
C02204,Matthew,Sama,O,2102282.0,Durgapur
C04856,Qasim,Anand,M,,PALLAVARAM
C03015,Upasna,Krishna,Male,317022.0,Akola
C02488,Chakradev,Atwal,O,1380799.0,bellary
C01173,Ladli,Raman,Female,1497068.0,Kanpur
C04928,Darika,Chandra,female,2870728.0,pali
C04918,Dalaja,Desai,female,1151296.0,Bareilly
C00260,Siddharth,Chawla,male,761080.0,sikar
C01928,Aarnav,Amble,Female,2734821.0,katni
C03361,Avi,Wagle,Male,2435327.0,Medininagar
C02729,Manan,Bera,Male,1041586.0,Dewas
C01549,Alka,Barman,M,1931559.0,Haldia
C01679,Rayaan,Chopra,male,3406588.0,Kolkata
C04513,Raghav,Shanker,F,1893519.0,Udupi
C02139,Rishi,Deol,M,942650.0,Malegaon
C02223,Charles,Oza,Other,2010517.0,Kolhapur
C04601,Caleb,Arya,male,1865910.0,Bijapur
C02916,Samesh,Bhargava,F,2859092.0,Kulti
C03419,Warda,Balan,M,3214149.0,Ballia
C04816,Chandresh,Mitra,male,1805042.0,ANAND
C01015,Kamala,Shah,F,989315.0,Delhi
C04245,Bhavna,Acharya,Other,,Thrissur
C02810,Kala,Kale,Male,2438080.0,
C01463,Ekiya,Talwar,Other,2937594.0,Kalyan-Dombivli
C00650,Gautami,Tata,M,1561451.0,Mau
C01548,Sachi,Rai,O,2459656.0,Tiruppur
C04649,Samarth,Sule,Female,468750.0,Kurnool
C04084,Utkarsh,Kakar,male,2768286.0,MADURAI
C03453,Mason,Khare,male,1153958.0,Jalandhar
C03002,Kabir,Sharaf,male,3469977.0,ajmer
C01741,Yoshita,De,F,1105552.0,Chittoor
C02765,Forum,Tripathi,O,1347462.0,Bhiwandi
C02467,Girindra,Goda,Other,415816.0,loni
C01023,Libni,Mannan,,1534383.0,Surat
C04346,Vincent,Kaul,F,595361.0,thiruvananthapuram
C02201,Lila,Rout,Male,1535148.0,Gurgaon
C02210,Joshua,Dhingra,female,2782552.0,Karaikudi
C01489,Omisha,Sanghvi,M,331343.0,Panihati
C04261,Pavani,Andra,Other,2826055.0,Kamarhati
C01874,Jai,Sachdeva,Female,3098697.0,Morbi
C04046,Zarna,Soni,female,,anand
C01937,Christopher,Barad,Male,2065153.0,KALYAN-DOMBIVLI
C04698,Pranav,Bakshi,male,2679648.0,DAVANAGERE
C04600,Manya,Thaker,Other,979666.0,shivpuri
C02930,Neha,Swamy,O,978884.0,Siwan
C01221,Deepa,Mahal,Other,3181631.0,SINGRAULI
C00045,Vedika,Kumer,M,1724761.0,dindigul
C01162,Balveer,Walia,male,718814.0,Bihar Sharif
C01205,Dhriti,Kulkarni,O,3292756.0,Ongole
C03317,Bishakha,Edwin,female,1263727.0,Dhule
C00470,Ucchal,Sood,male,3174208.0,Raipur
C01155,Veda,Atwal,M,924780.0,Hospet
C00268,Sai,Shroff,F,747222.0,
C04087,Wakeeta,Virk,O,,nagaon
C03231,Tanveer,Palla,M,633612.0,Mango
C04447,Laksh,Lad,Female,,Bilaspur
C04569,Madhav,Ratti,Female,609347.0,Mehsana
C02424,Megha,Kala,M,1080442.0,South Dumdum
C04568,Shaurya,Cheema,O,1095303.0,Surat
C04693,Zinal,Menon,O,1587367.0,Guna
C01384,Aarav,Tella,O,401052.0,Siliguri
C04135,Frederick,Lad,Other,1980635.0,Solapur
C00572,Saksham,Lal,Male,1323503.0,Anand
C01709,Charvi,Varma,Other,2200789.0,Nangloi Jat
C02758,Rudra,Ramakrishnan,O,780184.0,Kirari Suleman Nagar
C04919,Pooja,Amble,Female,3253127.0,panvel
C01036,Bhanumati,Narula,O,974295.0,Mehsana
C03736,Sai,Chada,F,2944996.0,Gandhidham
C02558,Chaaya,Trivedi,F,1985342.0,Howrah
C01453,Triya,Dube,Male,1767940.0,Begusarai
C02540,Aarna,Mallick,F,,Anantapur
C00560,Widisha,Magar,Other,2010574.0,Morbi
C01240,Yutika,Vasa,Other,823263.0,Arrah
C03445,Isha,Bhatnagar,O,458473.0,Noida
C04965,Qadim,Tella,M,2686900.0,Giridih
C02450,Karan,Mahajan,Female,2955784.0,Darbhanga
C04202,Balhaar,Nagarajan,Other,1265673.0,Asansol
C02302,Osha,Gill,female,1584270.0,Fatehpur
C04949,Vedhika,Garde,Other,470177.0,Nagaon
C04294,Hemal,Kapadia,Other,3487216.0,Guna
C01295,Girish,Shetty,male,333871.0,Davanagere
C00510,Jagvi,Barad,Female,669053.0,Rohtak
C00083,Samuel,Patla,female,,Uluberia
C03089,Gaurangi,Gandhi,M,2387433.0,Durgapur
C01475,Neelima,Roy,O,1646567.0,Rajahmundry
C00527,Krisha,Das,O,3402172.0,Ambala
C01165,Aadi,Kanda,M,1974347.0,Kamarhati
C00861,Onkar,D’Alia,M,1286766.0,Gaya
C01843,Irya,Basu,Other,3180536.0,Dibrugarh
C01992,Ridhi,Nagi,Male,1572183.0,Shimla
C01112,Girik,Bhardwaj,Other,2951238.0,Fatehpur
C04451,Yahvi,Kulkarni,Male,2971243.0,nagpur
C04756,Noah,Chopra,Other,2897738.0,Sirsa
C04806,Yutika,Bhattacharyya,Male,3114397.0,Karawal Nagar
C04826,Nitara,Thakur,Male,2889140.0,Kulti
C04764,Teerth,Varkey,female,2548427.0,Shimoga
C02001,Jai,Kuruvilla,female,414519.0,Karaikudi
C02913,Jasmit,Hayre,O,755381.0,Bhiwandi
C01096,Zehaan,Sabharwal,Male,569913.0,Hajipur
C03214,Chatresh,Munshi,O,,BHIWANI
C03780,Hitesh,Ravel,M,3375613.0,
C04410,David,Modi,O,2104684.0,Ambala
C03163,Warjas,Mutti,M,2007184.0,gurgaon
C04125,Urishilla,Subramaniam,F,3437856.0,Naihati
C00974,Unni,Dash,,372844.0,guntur
C00003,Rushil,Chaudry,M,2876435.0,Nadiad
C04350,Ojasvi,Suri,Other,726285.0,Serampore
C04116,Lekha,Baria,male,540608.0,Dewas
C00909,Lipika,Gandhi,male,2561145.0,Mira-Bhayandar
C04418,Kai,Hari,male,1616941.0,GORAKHPUR
C01446,Aahana,Srinivas,F,493857.0,Thrissur
C04093,Krish,Jha,Female,3408031.0,Guwahati
C01480,Zinal,Natt,Other,2503613.0,Morena
C00521,Abhimanyu,Mammen,Other,3446568.0,Ongole
C01751,Jack,Rajagopalan,M,715488.0,Baranagar
C04983,Ekaraj,Pandit,male,2621572.0,Thiruvananthapuram
C00400,Indira,Sheth,male,,pali
C03370,Manan,Gour,female,1514943.0,Howrah
C00021,Dayamai,Choudhry,Other,2539144.0,Cuttack
C01905,Rajeshri,Bhatti,O,2615568.0,Guntur
C03793,Vedant,Sinha,Other,3217447.0,Karimnagar
C04225,Ishanvi,Jayaraman,Other,1358284.0,BHILWARA
C03914,Xalak,Dhaliwal,Female,3455869.0,Dindigul
C02968,Kritika,Ratta,,3211607.0,Ulhasnagar
C01566,Bimala,Raju,F,2613318.0,Shimoga
C01144,Jagvi,Mandal,O,1953377.0,firozabad
C01607,Harish,Sule,Other,2964640.0,Bulandshahr
C02315,Ikbal,Hari,male,1589367.0,
C03083,Jatin,Kunda,M,1183078.0,Vellore
C01760,Balendra,Keer,female,2108204.0,Secunderabad
C01270,Geetika,Vora,M,2677566.0,bangalore
C04840,Jatin,Patla,M,3023002.0,khora 
C04979,Azad,Sha,Male,836414.0,ICHALKARANJI
C03134,Mohammed,Malhotra,female,3447548.0,thrissur
C00333,Leena,Madan,M,462998.0,Berhampur
C03417,Nandini,Varkey,Male,3089390.0,Parbhani
C01268,Chameli,Ramesh,F,3205867.0,gaya
C00033,Kevin,Lad,O,2919152.0,Siliguri
C03219,Gagan,Walia,male,368112.0,Bangalore
C00963,Gayathri,Tripathi,F,,Bally
C00005,Dhruv,Ahluwalia,F,2106928.0,Mirzapur
C03843,Mekhala,Chad,Other,,rourkela
C04749,Champak,Sha,male,1649243.0,Hindupur
C03888,Advika,Saraf,Other,1219315.0,malegaon
C00149,Anmol,Vora,F,2895143.0,Maheshtala
C04113,Samarth,Sachar,Other,3108655.0,Mira-Bhayandar
C01332,Harsh,Kaul,Female,2978482.0,Ramagundam
C01810,Nihal,Chada,Female,2286917.0,
C04057,Akshay,Ganesan,Female,3265764.0,karawal nagar
C04401,Kala,Balay,O,590686.0,Jamnagar
C01650,Ubika,Lad,Male,498706.0,ASANSOL
C01372,Mitesh,Pal,M,2958584.0,bahraich
C03427,Oviya,Mane,Other,1256811.0,Amritsar
C02931,Zehaan,Cherian,Female,2094203.0,Shahjahanpur
C04804,Aditya,Nagar,M,2449424.0,Ludhiana
C00363,Chakrika,Gupta,male,3406147.0,Tirupati
C03078,Yauvani,Kumar,Other,2622899.0,Gudivada
C01597,Frederick,Borde,Other,1488747.0,DURGAPUR
C04039,Om,Bhasin,female,2245861.0,Bharatpur
C03266,Banjeet,Randhawa,Female,1143480.0,Alappuzha
C04586,Teerth,Chadha,F,2200271.0,Durg
C03087,Viraj,Keer,Other,1496543.0,Shivpuri
C03565,Chameli,Luthra,female,3151023.0,WARANGAL
C02760,Sarthak,Chand,O,2391184.0,Bhind
C03728,Dalaja,Nagi,O,1585942.0,Aurangabad
C04301,Kamala,Madan,Male,1931108.0,Mangalore
C04385,Ishanvi,Barad,O,1497210.0,Bhiwandi
C02960,Yatin,Oak,Female,367111.0,tirunelveli
C04100,Qadim,Khatri,M,,Ambarnath
C03090,Jeet,Cheema,Female,1187218.0,Morena
C02088,Maanav,Mistry,O,1372960.0,Asansol
C02604,Yashodhara,Bir,female,3136942.0,Nagaon
C00458,Aahana,Talwar,F,1738841.0,Durgapur
C01177,Laban,Thakkar,Female,937610.0,Rampur
C01587,Frado,Radhakrishnan,Other,3405032.0,Bidar
C01471,Xiti,Tailor,Female,1800420.0,Uluberia
C02869,Baghyawati,Modi,Male,1225551.0,Dehradun
C02686,Neel,Agrawal,Male,3215242.0,Bhiwani
C00608,Aishani,Sandhu,Other,3483479.0,Haldia
C01428,Tara,Thakkar,F,770102.0,GOPALPUR
C01962,Advika,Doctor,O,1727540.0,Silchar
C02689,Vamakshi,Kumar,male,3049240.0,Hubli–Dharwad
C03004,Zilmil,Tella,,2433058.0,pali
C01100,Kai,Chatterjee,Female,3398518.0,MORENA
C00158,Nathan,Lad,Other,1337709.0,Khora 
C04429,Banjeet,Soman,F,2877363.0,Berhampore
C03468,Dalbir,Atwal,Other,990529.0,Burhanpur
C04469,Saumya,Das,F,826919.0,Bareilly
C02454,Yatin,Merchant,O,1854644.0,Madhyamgram
C02043,Liam,Prabhu,F,3104555.0,Buxar
C01290,Falguni,Pant,M,1271866.0,phusro
C02603,Balveer,Aggarwal,,1456508.0,BIHAR SHARIF
C04445,Teerth,Oak,Female,855719.0,Thrissur
C04857,Raagini,Saraf,Female,2166927.0,Anantapuram
C04678,Sudiksha,Pradhan,female,1799524.0,Amravati
C01737,Manbir,Dhaliwal,male,1705376.0,Tinsukia
C00488,Yadavi,Mand,F,3413799.0,RAMPUR
C03572,Charita,Dhingra,male,1051676.0,Berhampur
C01307,Patrick,Iyengar,M,3356292.0,Anantapur
C04593,William,Raman,Female,2239208.0,Pimpri-Chinchwad
C00789,Ria,Bhakta,O,2397111.0,Raipur
C02490,Dalaja,Ravel,female,2616455.0,Kishanganj
C00393,Lopa,Dugar,Male,2954866.0,Farrukhabad
C00029,Chatresh,Khanna,Other,,SECUNDERABAD
C03561,Oviya,Deo,male,2012086.0,BHARATPUR
C03404,Anmol,Mahal,F,2689293.0,Adoni
C02951,Ikshita,Desai,male,1252472.0,New Delhi
C04137,Bhanumati,Din,F,1368048.0,udupi
C04019,Nathan,Srinivas,Other,1493746.0,PATNA
C00947,Harish,Vig,Other,3491377.0,agartala
C00737,Eesha,Gaba,Female,2078593.0,Mehsana
C04894,Dayita,Patla,O,1211640.0,AGRA
C03663,Arunima,Grover,Male,,Morbi
C03385,Urishilla,Rastogi,male,605912.0,Malegaon
C03326,Isha,Suri,female,1278443.0,indore
C04452,Alexander,Shankar,O,2192722.0,Maheshtala
C02033,Leena,Gola,F,3089856.0,
C01901,Nisha,Gera,male,961351.0,Serampore
C03803,Bahadurjit,Comar,F,,Cuttack
C03150,Ishaan,Venkatesh,male,2560367.0,Patna
C04486,Nitara,Kapoor,O,1649683.0,Ambarnath
C02449,Wyatt,Chaudhuri,male,1483879.0,Firozabad
C00854,Udarsh,Vaidya,Female,2445507.0,bally
C04114,Gautami,Zachariah,Male,358233.0,Munger
C02894,Radha,Varty,Other,563238.0,KOCHI
C01711,Forum,Parmar,Male,1271098.0,Rohtak
C03343,Pratyush,Lata,M,1410122.0,Dewas
C03431,Jai,Dua,female,1608636.0,Hubli–Dharwad
C01027,Urishilla,Chander,Other,629341.0,Bally
C03428,Tripti,Yohannan,Other,2708108.0,Aligarh
C01785,Aarna,Sane,Male,1831600.0,
C01662,Raghav,Walia,male,2681537.0,NASHIK
C03239,Aashi,Khosla,O,3446082.0,Salem
C00255,Qasim,Deshpande,F,2027993.0,Jammu
C03798,Brinda,Goel,female,3211361.0,Mysore
C00881,Vihaan,Ganguly,M,2809415.0,
C02119,Priya,Cherian,M,2611282.0,Kharagpur
C02572,Ira,Saraf,Other,1736388.0,Ambarnath
C00475,Shaurya,Maharaj,F,2323348.0,Nizamabad
C02543,Ekaraj,Ram,Other,2329168.0,Mira-Bhayandar
C02415,Ganga,Grewal,O,2434920.0,Alwar
C03910,Ati,Dada,O,456411.0,Sultan Pur Majra
C01914,Ansh,Nazareth,male,2213265.0,Munger
C03681,Simon,Guha,O,2818781.0,buxar
C02924,Hamsini,Srivastava,F,2622016.0,
C03094,Brinda,Suri,female,3036656.0,AMBATTUR
C04404,Ridhi,Ahluwalia,male,2717935.0,Mirzapur
C02481,Upkaar,Hegde,M,2521030.0,Raiganj
C02595,Leela,Kalla,Male,1239035.0,Mahbubnagar
C01210,Wazir,Pradhan,F,878497.0,Bidar
C04071,Girik,Talwar,O,1655950.0,Purnia
C00725,Sachi,Batra,F,947968.0,Nagpur
C01151,Ridhi,Kota,Male,1588076.0,Jhansi
C04604,Vidhi,Bhagat,male,1208477.0,Tiruppur
C00119,Patrick,Sibal,Male,2252663.0,Dewas
C01595,Saksham,Choudhry,female,396568.0,Bhiwani
C01821,Raksha,Chand,male,2949838.0,Jamshedpur
C00391,Arunima,Madan,Female,1940595.0,Singrauli
C04831,Wriddhish,Hayre,Female,2078108.0,SAGAR
C01006,Nachiket,Yogi,M,1568361.0,
C01016,Ishwar,Kota,M,2531574.0,Tiruvottiyur
C00200,Manya,Mohanty,female,3007265.0,Berhampore
C00949,Eta,Pillai,O,2946369.0,Davanagere
C00224,Daksh,Deshmukh,,2169523.0,
C02191,Fitan,Mittal,Female,2403701.0,Erode
C02523,Lakshit,Luthra,female,1958080.0,Chittoor
C01585,Amruta,Vasa,male,2241760.0,PALI
C02835,Qarin,Ramachandran,F,1901912.0,Katihar
C00038,Nirja,Madan,Female,,South Dumdum
C04705,Lajita,Garde,male,1891128.0,Satna
C00785,Ansh,Basak,F,3435989.0,Surendranagar Dudhrej
C02112,Owen,Palla,male,2014078.0,NOIDA
C01628,Harrison,Sethi,F,877302.0,Ballia
C02542,Gautam,Mangal,female,945886.0,NADIAD
C01363,Yauvani,Nagy,O,836939.0,Ambarnath
C04528,Jeevika,Halder,M,695890.0,
C03211,Ansh,Seshadri,Other,1612291.0,Imphal
C02076,Ekaraj,Choudhry,,2611658.0,Medininagar
C01756,Laban,Oza,O,2374458.0,Secunderabad
C04459,Nimrat,Tailor,Female,2919323.0,Kottayam
C03274,Chaitanya,Reddy,Female,3390641.0,Proddatur
C01138,Reyansh,Sachdeva,M,679443.0,Jalandhar
C03365,Janaki,Basak,Other,2531273.0,Aligarh
C03544,Ladli,Konda,O,383553.0,CUTTACK
C04106,Inaya,Madan,male,1705496.0,MANGALORE
C03292,Shaurya,Dubey,M,,Hapur
C01897,Yachana,Kurian,O,1109496.0,Lucknow
C02503,Yoshita,Wali,Male,2485347.0,jalgaon
C00105,Oni,Babu,Female,3247655.0,Hosur
C01353,Bahadurjit,Kata,M,,Sangli-Miraj & Kupwad
C04521,Vasatika,Kalla,male,1447307.0,Tadepalligudem
C03936,Andrew,Mahal,Other,2232356.0,Kozhikode
C02629,Jackson,Mitra,Male,2347953.0,Maheshtala
C02444,Megha,Walia,male,2520636.0,Saharsa
C00561,Max,Koshy,Female,2626772.0,Danapur
C03183,Veda,Palan,M,700889.0,Orai
C03379,Bhavya,Shan,M,2019871.0,Baranagar
C01610,Anamika,Kala,male,1978885.0,tinsukia
C01393,Girish,Balasubramanian,O,665220.0,Bijapur
C01955,Upkaar,Date,M,3295873.0,ambala
C03253,Banjeet,Nagy,Male,922716.0,Tirupati
C01511,Hritik,Ravi,Male,812008.0,Ramgarh
C01265,Bachittar,Bail,O,3119354.0,Hosur
C02265,Kavya,Rau,,932924.0,Kadapa
C02800,Urmi,Dixit,male,345430.0,kadapa
C04456,Advaith,Sem,O,3497582.0,Panchkula
C04297,Vasatika,Kanda,female,1493916.0,Satna
C01671,Advika,Mital,Female,1223534.0,gulbarga
C04925,Aahana,Balakrishnan,O,2244460.0,Srikakulam
C01454,Ranveer,Kannan,O,1494711.0,Howrah
C04424,Ucchal,Som,F,2499669.0,Mangalore
C03040,Kala,Munshi,O,1052270.0,Morbi
C03388,Ekapad,Hegde,M,1599820.0,Coimbatore
C02734,Maanav,Raja,Other,2457014.0,Phusro
C02946,Harita,Garg,male,3341809.0,berhampore
C03693,Chanchal,Saraf,M,947897.0,Thrissur
C03318,Bhanumati,Sangha,O,972070.0,Lucknow
C02462,Utkarsh,Raman,Other,3324171.0,Mehsana
C01754,Dipta,Patla,Other,818825.0,Hyderabad
C03781,Qarin,Bhattacharyya,Male,1515242.0,Naihati
C04646,Amol,Munshi,F,1908077.0,Bareilly
C03232,Ekapad,Chaudhry,F,689207.0,Kirari Suleman Nagar
C00427,Nakul,Choudhry,F,2067208.0,Kota
C03321,Isha,Balan,Male,861806.0,Nagaon
C02643,Bachittar,Rai,Male,1293439.0,LONI
C02206,Madhavi,Bhasin,male,2797416.0,Raipur
C00307,Orinder,Oommen,M,563188.0,Munger
C04198,Andrew,Deo,M,812697.0,Kishanganj
C04582,Parth,Thaker,O,601112.0,Davanagere
C02701,Edhitha,Char,Male,2701765.0,Bhiwani
C03470,Sanya,Panchal,Female,2247044.0,Howrah
C01028,Anamika,Morar,F,2535491.0,Pali
C02834,Aishani,Ghose,O,1486357.0,Tinsukia
C02923,Manthan,Dalal,female,2074343.0,Rourkela
C03809,Ayushman,Mahajan,M,1178047.0,Kottayam
C03574,Jagdish,Deshpande,female,2641285.0,Ghaziabad
C04147,Ishaan,Choudhry,O,2627112.0,Bally
C01564,Frado,Rama,O,2136482.0,Bellary
C02077,Lakshmi,Dua,O,3028972.0,Sultan Pur Majra
C04987,Wyatt,Apte,M,2256025.0,FARIDABAD
C02251,Dev,Iyer,M,2908704.0,Meerut
C03657,Zansi,Choudhary,Other,2546727.0,Munger
C03721,Christopher,Kapoor,Other,3419235.0,ulhasnagar
C04480,Darsh,Mall,male,917608.0,UNNAO
C03933,Garima,More,Female,2550611.0,Raichur
C00259,Viraj,Amble,,2689751.0,MIRZAPUR
C02652,Matthew,Kulkarni,F,3199036.0,Khammam
C03982,Balveer,Bhatti,M,3164145.0,Howrah
C01781,Bachittar,Atwal,Female,,Kulti
C04338,Ganga,Chadha,female,2883004.0,
C03899,Liam,Date,Other,1655706.0,Muzaffarpur
C02779,Gaurangi,Manda,O,3495888.0,Guna
C02196,Nitara,Agate,M,2386865.0,NAIHATI
C01981,Omisha,Loke,O,2141572.0,Sirsa
C02199,Zansi,Doctor,Other,1820290.0,Gurgaon
C00774,Imaran,Kamdar,Other,3278855.0,Nangloi Jat
C03381,Praneel,Kalla,F,2427520.0,Karnal
C00531,Charles,Sachar,Other,1675674.0,rourkela
C00848,Patrick,Aggarwal,Female,1516536.0,Hubli–Dharwad
C02208,Daksh,Rama,M,1958929.0,BALLIA
C04968,Pahal,Dugar,female,1448972.0,DANAPUR
C01699,Ayush,Peri,Female,1581089.0,AGRA
C03455,Aahana,Khanna,Female,393643.0,BHUSAWAL
C02578,Bimala,Palan,Other,3404276.0,Purnia
C02716,Vedika,De,O,3279540.0,Silchar
C02371,Samarth,Mane,female,3463240.0,KARIMNAGAR
C02764,Mekhala,Chakraborty,male,3191813.0,mira-bhayandar
C00192,Ekaja,Kade,O,2837715.0,Belgaum
C01663,Chaman,Rajagopal,male,2656873.0,Ramgarh
C04139,Nitara,Toor,female,1506838.0,Bokaro
C01573,Niharika,Verma,M,2319864.0,Bhind
C01768,Hemal,Sant,Other,1796188.0,Madanapalle
C04487,Tamanna,Radhakrishnan,male,1384172.0,Delhi
C04257,Sarthak,Varty,female,,Kurnool
C04161,Udarsh,Sehgal,Female,1121969.0,Rewa
C02769,Harrison,Khatri,M,3057493.0,Orai
C02325,Barkha,Bumb,F,2743168.0,CHAPRA
C02250,Jason,Atwal,M,1463603.0,Amravati
C00634,Advay,Anand,Male,3335133.0,Jabalpur
C04029,Anjali,Bajwa,Other,3433753.0,mathura
C02992,Qasim,Gade,M,2797303.0,Aurangabad
C02571,Riya,Dugal,Female,2444283.0,Thane
C03662,Urvashi,Mane,Female,2745718.0,loni
C00905,Ojas,Kara,Other,1104970.0,Amaravati
C04499,Kashish,Madan,M,2505180.0,parbhani
C03110,Manya,Sibal,female,2308293.0,Bathinda
C03526,Karan,Kara,male,1891880.0,Erode
C01852,Harshil,Chhabra,,2614979.0,Ghaziabad
C00859,Darsh,Bhat,M,,Dibrugarh
C03531,Janani,Sathe,Male,504310.0,Mira-Bhayandar
C03344,Ayush,Mukherjee,M,1120482.0,Ramgarh
C01648,Kritika,Chakraborty,male,1472164.0,Jamshedpur
C02758,Rudra,Ramakrishnan,O,780184.0,Kirari Suleman Nagar
C04893,Anusha,Chaudhuri,Female,2964079.0,Bangalore
C02768,Ubika,Pradhan,female,1735259.0,Kozhikode
C00804,Jai,Chaudhary,male,536508.0,Kharagpur
C00020,Harrison,Deep,male,1815293.0,Malda
C03564,Hardik,Khurana,Female,541831.0,vijayanagaram
C00368,Kamya,Sem,M,3382868.0,Ajmer
C03865,Karan,Banik,M,550114.0,amaravati
C03628,Christopher,Handa,male,1264489.0,Aizawl
C03711,Theodore,Sibal,O,2739297.0,Gangtok
C01055,George,Magar,Female,874482.0,ANANTAPUR
C01505,Lavanya,Mistry,female,2405775.0,Kumbakonam
C01997,Chavvi,Munshi,Male,949158.0,Malda
C03685,Samarth,Lanka,O,,Panchkula
C01007,Tripti,Khurana,Male,1022796.0,Mirzapur
C03191,Yachana,Narayanan,M,352132.0,
C04701,Balveer,Mittal,Other,676682.0,Kumbakonam
C04864,Ikshita,Bhandari,M,893180.0,Bangalore
C01448,Panini,Mitter,female,873928.0,Bareilly
C00101,Warjas,Lata,Female,2209247.0,Parbhani
C02155,Tarak,Aggarwal,M,849319.0,Vijayanagaram
C03537,Ekavir,Kothari,F,2067341.0,Bhilai
C04900,Onveer,Banik,Female,1293196.0,Ghaziabad
C02998,Bimala,Morar,,2864183.0,JAMNAGAR
C01999,Wriddhish,Chacko,M,2826411.0,Ambala
C01635,Radhika,Ramesh,M,3191212.0,WARANGAL
C02678,Vyanjana,Raghavan,F,2975690.0,Tenali
C02277,Gautam,Saini,M,,Hindupur
C00096,Harshil,Chandran,male,2292038.0,Nellore
C02625,Baghyawati,Parikh,F,3456812.0,
C04370,Aayush,Yogi,female,2176235.0,Ongole
C04718,Bishakha,Amble,Male,929813.0,Faridabad
C01948,Harinakshi,Dhingra,Female,3372268.0,Singrauli
C01994,Aarav,Behl,O,2237455.0,Udupi
C03282,Nidhi,Ghose,F,946896.0,patiala
C04942,Ati,Jha,Female,1006639.0,
C03311,Radhika,Palla,F,403108.0,Navi Mumbai
C02808,Sneha,Chandran,female,3368190.0,hajipur
C00969,Elijah,Saini,F,1029540.0,Bihar Sharif
C03624,Vyanjana,Bajwa,Other,541197.0,Tirupati
C01600,Zehaan,Bhatt,Male,3010302.0,khandwa
C01931,Gayathri,Dash,O,1645595.0,Thrissur
C04509,Rajeshri,Bath,,,
C00189,David,Rajan,Male,2475561.0,jalandhar
C02667,Warinder,Bassi,O,,MALDA
C03513,Kamala,Salvi,male,2793837.0,Mahbubnagar
C01481,Lipika,Balasubramanian,Other,2062979.0,Medininagar
C00921,Rudra,Srinivas,F,1174108.0,Fatehpur
C00591,Urmi,Radhakrishnan,F,3220596.0,Agra
C02824,Neha,Gour,Other,3298669.0,GURGAON
C03169,Hemang,Narayan,Male,1712215.0,Raichur
C03210,Yuvraj,Tiwari,O,413734.0,Muzaffarpur
C02573,Ayushman,Natarajan,male,1931919.0,KAVALI
C01644,Aarnav,Sachdeva,Female,950878.0,Ratlam
C03073,Qabil,Sen,O,1768507.0,Deoghar
C00940,Qarin,Goswami,Female,2645365.0,Salem
C00273,Sarthak,Desai,female,569548.0,Bulandshahr
C02771,Aradhana,Kurian,Other,2684953.0,saharsa
C03832,Finn,Mani,F,3337669.0,Ongole
C02255,Vanya,Palan,Female,457149.0,Jamshedpur
C04428,Zilmil,Warrior,O,1577655.0,Bettiah
C00582,Tanish,Gokhale,O,3211968.0,Patiala
C01429,Dominic,Jain,female,2226946.0,Tiruchirappalli
C02421,Rachit,Grover,female,1781028.0,Akola
C01850,Chandani,Rajagopalan,Female,873882.0,Junagadh
C00835,Unni,Sathe,female,3268087.0,Naihati
C02213,Warjas,Golla,Female,2313819.0,Patiala
C04796,Ekanta,Rao,F,1635338.0,Arrah
C01945,Edhitha,Mander,male,2931749.0,Bilaspur
C04343,Anusha,Kapoor,Male,300490.0,Agartala
C00436,Sachi,Khurana,O,1388349.0,Amritsar
C03556,Meghana,Saxena,Other,1430430.0,Nagercoil
C02473,Nachiket,Chandran,female,897238.0,ALWAR
C03378,Chatura,Iyer,Male,656065.0,Akola
C03338,Neha,Das,Other,,Parbhani
C00555,Sathvik,Thaman,Female,1344551.0,
C03494,Ojas,Chad,female,1372706.0,Moradabad
C04623,Sachi,Halder,Male,2464268.0,Baranagar
C00782,Xalak,Rajan,male,2322629.0,Purnia
C03874,Banjeet,Choudhary,Male,3427321.0,medininagar
C02249,Ekani,Kant,O,2648632.0,bhimavaram
C02749,Nachiket,Bahl,O,2610158.0,KUMBAKONAM
C02212,Balendra,Tata,O,3133084.0,NASHIK
C03559,Faras,Sami,female,3012247.0,tirunelveli
C03610,Yashasvi,Sem,F,2447387.0,asansol
C04326,Veda,Viswanathan,Female,631500.0,Yamunanagar
C03348,Anmol,Tak,female,1117655.0,Bahraich
C01484,Mitesh,Kapur,Other,,gandhinagar
C03577,Ati,Murty,F,2784520.0,Panipat
C01322,Nidra,Pingle,female,1287155.0,Rajahmundry
C01529,Oscar,Sachar,M,1907791.0,Khora 
C02127,Avni,Ranganathan,female,796298.0,DARBHANGA
C00775,Aradhana,Raghavan,Female,1340720.0,Ballia
C00756,Onveer,Thaker,Male,434093.0,vadodara
C04302,Lila,Upadhyay,F,1501530.0,Kalyan-Dombivli
C01552,Kiaan,Ray,Female,2148500.0,Akola
C01518,Janani,Padmanabhan,male,1027622.0,Kota
C03956,Abhiram,Sant,female,724987.0,Phagwara
C01951,Ikbal,Chad,,1987967.0,
C03175,Sara,Varty,O,1637010.0,Bikaner
C01718,Nisha,Bansal,O,868701.0,SHIVPURI
C02925,Unni,Bhatti,Female,338662.0,Bilaspur
C01338,Manbir,Grover,M,1131889.0,Pali
C02662,Joshua,Mann,female,1892700.0,Erode
C01752,Michael,Sarma,M,789219.0,THOOTHUKUDI
C00151,Mugdha,Banik,male,3443075.0,Panipat
C02862,Jatin,Chandra,Female,1351822.0,Bhopal
C02750,Charvi,Dave,male,1664863.0,Firozabad
C00702,Luke,Soni,Female,2064447.0,Tirunelveli
C04227,Aditya,Raj,O,2860983.0,Berhampur
C03650,Teerth,Toor,Female,883575.0,Patna
C02685,Falan,Kanda,M,2474706.0,Panchkula
C01187,Janani,Pillay,M,384784.0,Pondicherry
C02570,Qarin,Saha,Female,2042497.0,Begusarai
C01832,Abdul,Mitra,male,495272.0,New Delhi
C00346,Darpan,Barad,Other,938352.0,Junagadh
C02496,Rachana,Kanda,O,1672043.0,Naihati
C01418,Anvi,Pandya,F,1591488.0,
C00911,Onveer,Golla,Female,2957735.0,Allahabad
C01947,Abdul,Chandran,F,329228.0,Dharmavaram
C02095,Agastya,Rastogi,Other,1900174.0,Dindigul
C00231,Ganga,Padmanabhan,female,454954.0,Uluberia
C02448,Neha,Sheth,O,2630060.0,bidar
C01577,Manan,Oak,Other,,Kamarhati
C01053,Vamakshi,Thakur,,301084.0,yamunanagar
C02159,Maanav,Khare,Male,765520.0,Kolhapur
C04767,Forum,Shukla,female,339894.0,Ujjain
C04851,Rohan,Kari,,3286317.0,
C00815,Aahana,Dutt,Other,2179657.0,
C00865,Ikbal,Goswami,Female,1518083.0,KISHANGANJ
C02694,Radhika,Virk,O,3021707.0,Hospet
C04719,Ekbal,Gour,O,1853205.0,Suryapet
C03856,Michael,Raghavan,female,942314.0,Erode
C03855,Laban,Kala,M,2088058.0,GANDHINAGAR
C02511,Chanchal,Aurora,female,3350903.0,Giridih
C02194,Anika,Patla,female,2622893.0,Hosur
C03885,Yashawini,Krishnamurthy,Female,1784988.0,Pudukkottai
C04966,Reva,Chhabra,O,1274418.0,Baranagar
C04180,Aarav,Koshy,Other,2306574.0,Nadiad
C00385,Arjun,Bumb,Female,1069472.0,Kakinada
C03499,Faris,Bumb,male,3120022.0,New Delhi
C00169,Nimrat,Bera,M,1578093.0,BONGAIGAON
C03140,Anmol,Krishnan,Other,455044.0,Nagpur
C00673,Dalbir,Parikh,male,1182458.0,Berhampur
C03688,Yadavi,Nazareth,F,2240356.0,Jaunpur
C01397,Tanvi,Kothari,M,364269.0,Begusarai
C00331,Meghana,Malhotra,female,1892244.0,Pudukkottai
C04006,Qadim,Goswami,Female,1747253.0,Kozhikode
C03989,Anita,Saini,female,1648438.0,Amroha
C01107,Aashi,Barman,O,883541.0,patiala
C01063,Eiravati,Wali,Female,3468128.0,Pudukkottai
C00240,Darsh,Master,O,3316814.0,New Delhi
C00803,Ishwar,Narasimhan,Female,3363084.0,Nashik
C02400,Jasmit,Agarwal,Female,2293795.0,Durg
C00919,Darsh,Lata,Male,,Kozhikode
C00043,Triya,Borah,M,2915628.0,tirunelveli
C03179,Aashi,Atwal,male,1767310.0,
C01765,Yatin,Varma,M,434997.0,Latur
C03071,Netra,Narayan,F,2119604.0,Aligarh
C03352,Tejas,Sengupta,Female,692058.0,Jorhat
C02710,Mohini,Bera,male,1645620.0,KOCHI
C02412,Madhavi,Mann,Other,604828.0,Dharmavaram
C04522,Ayushman,Purohit,O,417044.0,Kadapa
C01464,Baljiwan,Venkatesh,O,1788389.0,Jaipur
C04149,Krishna,Malhotra,M,318649.0,Bhopal
C00894,Aashi,Chaudhari,F,535537.0,Bhind
C04755,Tanish,Sheth,Other,1348295.0,Ambarnath
C03185,Yagnesh,Bera,female,1861486.0,Shimla
C00767,Anya,Karpe,Other,2088013.0,Mahbubnagar
C04769,Raagini,Nanda,Female,635113.0,Kurnool
C00786,Ekta,Kata,F,2368569.0,Indore
C02616,Kala,Warrior,Female,3482033.0,Panvel
C00204,Harshil,Shankar,male,2942807.0,Bareilly
C04128,Nidra,Thakkar,female,1729490.0,Durgapur
C03345,Aarav,Narasimhan,female,2695373.0,Orai
C00122,Ishita,Chana,O,,Kishanganj
C00381,Aarav,Nath,male,2801351.0,Mumbai
C04577,Ganga,Chaudhry,,3248533.0,OZHUKARAI
C00419,Urmi,Bhargava,O,1945244.0,
C02535,Max,Balakrishnan,male,522302.0,unnao
C04419,Riya,Chakrabarti,O,2012725.0,UDAIPUR
C03869,Ekanta,Khurana,,592799.0,Raebareli
C00888,Oscar,Mall,F,2555541.0,Ambarnath
C04530,Saksham,Ratta,M,624268.0,
C02375,Lipika,Nadig,female,2904368.0,Pune
C02766,Isaac,Vohra,Male,977493.0,Yamunanagar
C03912,Jacob,Subramaniam,M,,Morbi
C04376,Yauvani,Gara,M,1707798.0,hyderabad
C01303,Christopher,Kapur,Other,2030328.0,Uluberia
C01244,Tanish,Palla,,770267.0,Kochi
C01878,Imaran,Madan,M,2450544.0,Tirupati
C02198,Kashish,Ghosh,M,1035096.0,Hajipur
C02637,Harita,Ram,F,,SILCHAR
C02841,Januja,Yadav,F,905804.0,Thanjavur
C02914,Siddharth,Srinivas,F,2376658.0,Machilipatnam
C00074,Zaid,Hora,Male,1720931.0,Tiruchirappalli
C02289,Gauri,Pathak,Female,1711877.0,Ramagundam
C04591,Jyoti,Mohanty,O,2143022.0,Kumbakonam
C02125,Onkar,Garde,O,1406334.0,Gandhinagar
C04610,Joshua,Gole,male,2800124.0,rajkot
C01408,Xavier,Raj,female,1201421.0,JAUNPUR
C01738,Anthony,Bhargava,M,2438327.0,Dibrugarh
C02579,Inaya,Narula,Female,3231660.0,Ambarnath
C03488,Kevin,Gera,female,1898610.0,Warangal
C02105,Warinder,Dhillon,Female,3150969.0,Bhimavaram
C04339,Kashvi,Goda,Male,921199.0,Burhanpur
C00643,Jagvi,Anne,female,2902556.0,Imphal
C01377,Jagrati,Ghosh,Male,1490274.0,Malegaon
C00148,Lakshit,Tara,female,2592293.0,Kolkata
C01075,Vihaan,Chand,M,1987364.0,Berhampore
C04905,Gunbir,Randhawa,M,,Vasai-Virar
C02322,Faras,Bhat,F,1758585.0,Bidhannagar
C01796,Ucchal,Pandya,M,2412516.0,Pudukkottai
C01467,Advay,Pandya,Other,1773268.0,Jodhpur
C00519,Vasana,Sawhney,Female,2442200.0,Ulhasnagar
C01732,Pratyush,Bandi,Female,844244.0,Latur
C00358,Aashi,D’Alia,F,1961920.0,Kumbakonam
C03889,Balvan,Kala,Female,1634456.0,Anand
C01989,Omkaar,Tella,Male,2970721.0,KHAMMAM
C00632,Alka,Chacko,F,1841545.0,
C00616,Janaki,Gupta,O,967526.0,Berhampore
C00983,Kamya,Iyer,Other,575811.0,Indore
C02954,Zilmil,Maharaj,male,3171807.0,Thanjavur
C00856,Wazir,Kale,Other,2967111.0,jamshedpur
C00482,Laban,Magar,F,511001.0,Malda
C04696,Ekalinga,Modi,M,2826748.0,Mathura
C04395,Leena,Sharaf,male,2345730.0,Gaya
C04133,Shaurya,Dar,,712234.0,Hindupur
C03240,Lila,Tata,O,2960570.0,
C00215,Gauri,Mukhopadhyay,female,1560338.0,Srinagar
C01080,Chasmum,Parmar,male,2151419.0,Jalgaon
C02761,Faqid,Madan,Female,1746525.0,Anantapuram
C00107,Balhaar,Lad,male,1238849.0,HALDIA
C01382,Sathvik,Dutta,,2449950.0,Pallavaram
C01254,Falguni,Parmar,male,2680997.0,Amroha
C04138,Vrishti,Sagar,Other,917905.0,Karimnagar
C01835,Yashasvi,Wadhwa,female,3195832.0,naihati
C00469,Yadavi,Narasimhan,Male,1237006.0,Tinsukia
C04247,Aryan,Kara,Female,2031473.0,Bareilly
C01300,Patrick,Das,Other,3289389.0,Sonipat
C03612,Onveer,Merchant,Female,2175974.0,medininagar
C01812,Ranveer,Narang,Male,3035119.0,Proddatur
C02508,Vidhi,Parmer,M,1374297.0,Kumbakonam
C04691,Janani,Sur,Other,2824806.0,Motihari
C00596,Vanya,Char,female,1560540.0,Hindupur
C03104,Krisha,Raval,Other,1608772.0,Ambattur
C01692,Qasim,Wali,Female,2040653.0,Machilipatnam
C00219,Nidhi,Saha,male,2536667.0,Ozhukarai
C01029,Neha,Mannan,F,2612974.0,Nagaon
C01375,Falak,Shenoy,Other,2336063.0,Deoghar
C04227,Aditya,Raj,O,2860983.0,Berhampur
C01269,Unni,Kumer,F,1313061.0,THRISSUR
C01394,Raksha,Bala,F,1632131.0,Unnao
C04072,Faris,Sankar,O,559261.0,Noida
C04933,Atharv,Kale,Female,,JALNA
C02715,Vedant,Joshi,M,1246672.0,Chinsurah
C04874,George,Venkataraman,Other,2942701.0,Jamshedpur
C02529,Ayaan,Date,male,3244540.0,GANGTOK
C00059,Zayan,Wali,female,2907813.0,KARAWAL NAGAR
C04345,Ishanvi,Dugal,Other,774552.0,Bidar
C03978,Neha,Sani,Male,552364.0,RAJAHMUNDRY
C04926,Kritika,Sridhar,M,513413.0,SANGLI-MIRAJ & KUPWAD
C00609,Bahadurjit,Mane,F,977415.0,Hosur
C02533,Gaurika,Sharaf,Male,1195837.0,Alappuzha
C02762,Nathaniel,Dora,F,3046205.0,LONI
C00266,Meghana,Pandit,O,3464943.0,Chennai
C04750,Pooja,Choudhry,Male,3291802.0,bellary
C02608,Gauri,Chaudhry,F,1749650.0,HARIDWAR
C02912,Siddharth,Subramanian,female,2451530.0,Kirari Suleman Nagar
C02348,Amara,Jha,male,2785491.0,Dehradun
C01629,Indira,Batta,O,634795.0,Srikakulam
C03838,Naksh,Ahuja,male,3415889.0,Mirzapur
C02852,Hitesh,Seth,O,3223162.0,NANDED
C03522,Amol,Cheema,M,1918304.0,Khammam
C04335,Harsh,Bhatnagar,Other,1649516.0,Tirupati
C02656,Damyanti,Bhasin,F,,Morena
C00840,Geetika,Rama,Female,2642647.0,
C03131,Arjun,Kuruvilla,O,3396810.0,Sultan Pur Majra
C04305,Anjali,Jhaveri,,2441732.0,Miryalaguda
C02183,Christopher,Rau,Other,3280130.0,Bhilwara
C02463,Irya,Lall,Other,1216158.0,sangli-miraj & kupwad
C04903,Warda,Biswas,M,2199961.0,Tiruvottiyur
C00025,Chaitaly,Gera,M,3219577.0,Berhampore
C02219,Ekansh,Tandon,Male,1522156.0,Indore
C02772,Lipika,Yohannan,Female,3470290.0,Gaya
C04488,Eshana,Sankaran,Male,2213602.0,Guntur
C00915,Ranveer,Jayaraman,female,1140394.0,Sonipat
C02874,Yug,Bawa,O,682591.0,Gwalior
C00953,Vamakshi,Mani,male,2640441.0,Solapur
C00827,Bina,Shenoy,,2035955.0,Begusarai
C03300,Pranit,Solanki,female,,Rohtak
C03435,Barkha,Dara,male,1991648.0,Jammu
C00389,Kashvi,Bal,Other,2208069.0,Shimoga
C00030,Anirudh,Bakshi,Other,1683641.0,Ghaziabad
C01108,Zinal,Mann,female,667646.0,Davanagere
C00649,Qarin,Bhattacharyya,female,2606196.0,Vellore
C04996,Lopa,Pandit,Male,3275505.0,Ichalkaranji
C00379,Ranbir,Pingle,F,2367888.0,Jabalpur
C03698,Ekiya,Bhatnagar,Other,1391991.0,Khandwa
C03676,Jagat,Bali,Male,1823703.0,Raiganj
C00233,Guneet,Dixit,O,2806105.0,Gulbarga
C04020,Bhanumati,Sundaram,Male,1163599.0,Malegaon
C00357,Frado,Bahl,male,2083043.0,Mumbai
C02354,Ekanta,Das,male,320054.0,Anantapur
C01740,Udant,Raman,Female,863808.0,Satara
C00265,Rajata,Saran,male,511487.0,Bareilly
C04512,Yashvi,Chakraborty,M,1352956.0,Dibrugarh
C01516,Saanvi,Chada,Other,3074513.0,Berhampore
C03744,Ronith,Bhattacharyya,F,2004455.0,Nizamabad
C04985,Netra,Kurian,M,995133.0,Tinsukia
C03813,Neha,Menon,O,2638359.0,Madurai
C01321,Ekaraj,Dubey,M,523524.0,Nandyal
C03523,Sneha,Bhandari,male,2042788.0,Tenali
C00899,Faraj,Shah,O,1567991.0,Ballia
C01077,Jagat,Arora,F,2362472.0,Tirupati
C03756,Ekapad,Mukhopadhyay,F,2180829.0,Arrah
C03144,Rishi,Ahluwalia,O,450403.0,Ratlam
C02455,Oscar,Dua,Other,2604624.0,satna
C03584,Hema,Dass,O,1810491.0,chittoor
C02513,Tara,Dixit,Male,2351514.0,jehanabad
C02777,Gaurika,Ravi,Other,1709928.0,Bidhannagar
C03038,Yuvraj,Sridhar,male,2937876.0,durg
C03963,Chatresh,Dyal,F,815517.0,Rourkela
C01066,Chanchal,Goel,Female,1659789.0,Satara
C00153,Yashica,Grover,Other,1422085.0,Farrukhabad
C04988,Logan,Dalal,male,2985375.0,Morena
C02776,Anay,Verma,F,1987288.0,Ballia
C00134,Rehaan,Mannan,M,3175636.0,
C01541,Adya,Dey,F,2126383.0,Ballia
C00542,Rayaan,Yadav,Other,1661674.0,Farrukhabad
C04872,Faqid,Dayal,female,,Chinsurah
C04081,Meera,Sule,O,1493776.0,Guntakal
C00666,Bhavika,Choudhary,female,3348832.0,Dehradun
C03683,Abhiram,Bhandari,O,3499604.0,Chennai
C02287,Yashodhara,Subramaniam,Male,836844.0,Serampore
C03773,Nimrat,Pau,M,636330.0,Jabalpur
C01919,Garima,Wali,female,489044.0,AMROHA
C02465,Samesh,Khare,Other,2748999.0,Howrah
C03080,Zarna,Mohan,F,687251.0,Etawah
C01341,Jhalak,Parsa,male,2289231.0,udaipur
C01225,Sarthak,Mukhopadhyay,M,2288810.0,bhopal
C02873,Ekiya,Dada,O,768965.0,alwar
C02984,Aarna,Bhagat,female,2556416.0,Raipur
C03451,Krishna,Cheema,M,1153151.0,Sambhal
C03664,Aahana,Sahota,Other,541970.0,Jehanabad
C02985,Omaja,Viswanathan,Other,1118255.0,Ballia
C04249,Onveer,Sem,Female,,Mira-Bhayandar
C00950,Janya,Shenoy,Male,2565197.0,Chinsurah
C02152,Charita,Chaudry,M,1174594.0,
C03335,Nicholas,Gulati,Male,3042094.0,Junagadh
C03009,Dev,Kakar,Male,1559312.0,Fatehpur
C01636,Chatresh,Goel,female,2341239.0,Delhi
C00018,Liam,Seth,Other,3223007.0,Unnao
C03202,Manya,Sani,Female,1037310.0,tirupati
C02553,Isha,Sekhon,O,2956125.0,Junagadh
C00805,Anvi,Pillay,Female,3072372.0,
C01445,Hemani,Raman,F,2767799.0,BILASPUR
C03392,Leena,Sagar,male,1946753.0,Dewas
C03399,Anthony,Golla,female,1134901.0,Srikakulam
C01819,Umang,Chaudhuri,Female,1085720.0,Sultan Pur Majra
C01224,Nihal,Ramachandran,Female,1528688.0,Uluberia
C02259,Tamanna,Agate,M,2408230.0,
C04520,Ronith,Hans,Male,2469555.0,saharsa
C03534,Indira,Puri,F,2853301.0,Shivpuri
C04597,Yug,Bhardwaj,Other,347986.0,Arrah
C04341,Jeevika,Murty,female,1009161.0,AMBARNATH
C04786,Kai,Minhas,F,2536057.0,Katihar
C04337,Bhavika,Bassi,F,1415107.0,Mirzapur
C02229,Omya,Gopal,Female,3042750.0,Bidar
C00525,Arjun,Kanda,M,3431817.0,Nashik
C03349,Hemang,Lall,O,1412155.0,Durgapur
C00123,Gayathri,Gaba,male,2294513.0,Dhule
C02559,Bhanumati,Bhatia,M,2057950.0,Rajahmundry
C04080,Oeshi,Kurian,male,1486046.0,Muzaffarnagar
C01895,Yagnesh,Kalita,female,3433567.0,Meerut
C04021,Pavani,Gandhi,M,318910.0,Kanpur
C03023,Nidhi,Sandal,Female,2250675.0,Ghaziabad
C04901,Harish,Ratti,male,1301196.0,CHENNAI
C00301,Sanaya,Upadhyay,Female,3435430.0,Saharsa
C03993,Chaitanya,Varkey,Other,498778.0,Raichur
C01241,Meera,Karpe,F,1219611.0,Vellore
C04775,Yashodhara,Ganesan,F,996535.0,Muzaffarnagar
C03160,Oscar,Keer,Male,,Kurnool
C03990,Chatura,Mallick,M,2475959.0,Noida
C04904,Advaith,Biswas,O,1226975.0,Dehri
C03857,Bhanumati,Srinivas,O,2340842.0,Sultan Pur Majra
C00777,Devansh,Dixit,F,1402581.0,Hapur
C03074,Fariq,Ahluwalia,,1474467.0,Kota
C02090,Inaya,Shanker,O,914241.0,Raurkela Industrial Township
C01794,Maanas,Parmer,Male,3077165.0,Udaipur
C03762,Megha,Varkey,female,1578289.0,Chapra
C03996,Gaurav,Vora,,2427997.0,KORBA
C00191,Lila,Venkatesh,F,1641886.0,Darbhanga
C04797,Pranit,Mody,M,652744.0,Salem
C03718,Neelima,Oak,female,1137021.0,Pudukkottai
C02982,Alexander,Sami,male,3438411.0,Kamarhati
C00319,Upadhriti,Handa,M,2682342.0,TIRUPATI
C01364,Meghana,Butala,Female,3245874.0,Mahbubnagar
C01685,Adya,Narayanan,F,2168153.0,Vadodara
C04142,Reyansh,Prabhakar,Female,3299199.0,
C00771,Vansha,Aurora,F,1899467.0,Mango
C00280,Jagvi,Madan,F,908474.0,BAREILLY
C02363,Abeer,Khosla,F,1351203.0,Durgapur
C00833,Rehaan,Raghavan,F,1734138.0,DURG
C01170,Thomas,Prasad,O,1334429.0,Bettiah
C01615,Krish,Gulati,M,2339424.0,
C00288,Om,Kalita,male,1768768.0,Orai
C04364,Utkarsh,Tank,F,495723.0,Jorhat
C03981,Jairaj,Cheema,M,,Bellary
C00251,Saksham,Bhat,,2211460.0,Hapur
C03124,Qushi,Krish,,1299299.0,Sirsa
C00355,Lakshmi,Palla,male,2839884.0,Naihati
C00110,Kala,Dhawan,Male,3170199.0,Kozhikode
C01222,Meghana,Bala,Male,2026469.0,KOLLAM
C04314,Ikshita,Shanker,male,1270141.0,Belgaum
C02143,Arya,Garde,male,2659201.0,GURGAON
C01438,Vasatika,Kale,Other,507359.0,Visakhapatnam
C00790,Charita,Buch,Other,1638826.0,Davanagere
C04454,Unni,Ahluwalia,Other,,Mau
C00664,Lakshmi,Sarma,Other,1413429.0,Vellore
C01191,Xiti,Jayaraman,F,445776.0,Nadiad
C04556,Chameli,Garde,M,2950017.0,RAJKOT
C01907,Gaurav,Rao,Male,2666777.0,hospet
C00476,Jatin,Basu,Male,2773738.0,New Delhi
C03204,Chatresh,Choudhury,,3249085.0,Tenali
C01341,Jhalak,Parsa,male,2289231.0,udaipur
C01788,Sara,Butala,M,2684190.0,Pondicherry
C03603,Barkha,Parsa,male,1556113.0,Orai
C01982,Brijesh,Kar,F,2398958.0,Naihati
C03017,Yashawini,Amble,Other,757771.0,Davanagere
C00403,Vinaya,Kurian,Male,2761240.0,Darbhanga
C03353,Nisha,Johal,F,2964127.0,RAJPUR SONARPUR
C00855,Jalsa,Mishra,Male,1350579.0,
C03842,Lipika,Oak,F,2391791.0,Munger
C02895,Kamya,Kapadia,Male,580758.0,Sonipat
C00937,Lohit,Talwar,Male,2004969.0,KHANDWA
C03327,Adweta,Deep,Other,3453594.0,Durgapur
C02359,Omaja,Purohit,F,1400103.0,Panvel
C00278,Suhani,Bobal,M,745283.0,Gulbarga
C01777,Oviya,Mahajan,M,3174292.0,Aizawl
C00401,Rohan,Chhabra,M,2564303.0,Bhiwani
C00943,Rishi,Khatri,Other,3470409.0,Tadepalligudem
C02979,Abhiram,Ghosh,Female,1889528.0,CUTTACK
C00941,Yahvi,Sengupta,male,2824454.0,Amritsar
C02145,Saumya,Barad,Male,2292175.0,Tezpur
C00423,Hitesh,Pathak,F,,Pune
C02326,Shivani,Comar,Other,1665233.0,Parbhani
C04809,Laksh,Dey,M,412562.0,Raebareli
C01451,Vrinda,Mandal,Female,1903481.0,Aurangabad
C02573,Ayushman,Natarajan,male,1931919.0,KAVALI
C03226,Kai,Dash,Female,608836.0,PHUSRO
C03666,Liam,Khatri,female,3286448.0,BUXAR
C04582,Parth,Thaker,O,601112.0,Davanagere
C04455,Odika,Manda,F,2937240.0,Begusarai
C03328,Pranit,Bhakta,Male,1061584.0,Belgaum
C03867,Alka,Chatterjee,Male,1427086.0,JORHAT
C04630,Lakshit,Sachdev,female,2240415.0,
C00676,Ikbal,Bhatti,F,519931.0,Malegaon
C04741,Ranbir,Mahajan,O,926879.0,Bhubaneswar
C03994,Dayita,Kala,M,1182042.0,Dhanbad
C03426,Aadhya,Sachdeva,M,,Raebareli
C00117,Vritti,Misra,Other,787323.0,Chittoor
C04614,Waida,Atwal,Female,3480730.0,Bidar
C04699,Zayan,Bhatnagar,F,409256.0,Kalyan-Dombivli
C00302,Yauvani,Chadha,Female,1742359.0,Agra
C00486,Urvi,Nanda,F,766699.0,Chandrapur
C01939,Vihaan,Raghavan,Female,1184178.0,ahmedabad
C03257,Upma,Tailor,M,325833.0,Hospet
C00689,Unnati,Soni,F,2102541.0,Amravati
C04790,Sarthak,Tank,Male,381824.0,Sangli-Miraj & Kupwad
C00227,Gavin,Mane,male,2254282.0,Visakhapatnam
C01231,Anita,Sankaran,Other,1471771.0,Bhalswa Jahangir Pur
C00749,Dayamai,Bhatnagar,female,2202336.0,Rourkela
C01192,Isha,Saini,Female,,BARASAT
C03316,Ucchal,Kakar,Female,2207707.0,Panvel
C01918,Ethan,Karnik,O,1912354.0,Nangloi Jat
C04886,Tanay,Bava,Male,2402029.0,Ballia
C03424,Ira,Madan,Female,2117079.0,RAJAHMUNDRY
C00604,Devansh,Kaur,male,553283.0,AHMEDNAGAR
C04779,Banjeet,Mital,O,2634312.0,
C04984,Peter,Chauhan,female,514693.0,Yamunanagar
C01698,Harrison,Badami,,1911709.0,Moradabad
C01945,Edhitha,Mander,male,2931749.0,Bilaspur
C02427,Samesh,Bansal,Female,1685670.0,Singrauli
C04943,Yochana,Banerjee,Male,2216123.0,srikakulam
C00256,Vasana,Thakur,male,550326.0,UDAIPUR
C02832,Sathvik,Kumar,male,3494429.0,Saharanpur
C03929,Samesh,Saxena,Male,3229169.0,FIROZABAD
C00750,Nidhi,Reddy,M,1101466.0,Sagar
C00270,Om,Lad,male,2502176.0,Agra
C01580,Nathaniel,Gokhale,O,1370786.0,DHULE
C02619,Samaksh,Soni,,1488328.0,Ranchi
C00754,Nakul,Golla,F,3430323.0,Pimpri-Chinchwad
C00583,Vasana,Bawa,M,2095051.0,Morbi
C02743,Yashica,Karan,F,1883309.0,Bhagalpur
C00008,Mahika,Raju,Female,2238113.0,Anand
C01503,Aarav,Roy,male,2305433.0,raurkela industrial township
C02725,Nimrat,Shukla,Female,363627.0,Etawah
C00752,Manbir,Tata,,2101356.0,farrukhabad
C02788,Yochana,Soman,O,2749340.0,Tadepalligudem
C04120,Idika,Talwar,female,2373119.0,Bhopal
C03081,Maya,Barad,female,883117.0,Nagaon
C01019,Aadi,Bawa,F,1291511.0,Dewas
C04056,Falan,Rajagopal,F,2230824.0,Haldia
C02130,Barkha,Setty,F,3196758.0,MANGO
C04440,Tanish,Sawhney,F,572311.0,aurangabad
C00245,Yachana,Gour,male,596228.0,Amroha
C01190,Aradhana,Chandra,Other,1892656.0,sangli-miraj & kupwad
C02642,Nicholas,Pant,Other,830602.0,Saharsa
C01623,Idika,Sidhu,Other,1962068.0,Vellore
C03280,Shivansh,Badal,Other,2057336.0,pali
C04119,Vanya,Goswami,Other,497276.0,Fatehpur
C04145,Qarin,Mody,Male,3005530.0,Bettiah
C00399,Andrew,Kothari,male,,Indore
C01228,Girish,Bobal,Other,631868.0,Phagwara
C04892,Yoshita,Buch,M,,Thiruvananthapuram
C04665,Advay,Banerjee,Female,2155706.0,Chapra
C00571,Hemal,Tank,Male,3029458.0,SAHARSA
C03187,Agastya,Radhakrishnan,Male,840399.0,Gurgaon
C02331,Daksh,Swaminathan,Male,2189882.0,Hyderabad
C02844,Dipta,Shah,F,1773768.0,VISAKHAPATNAM
C04052,Waida,Chaudry,male,2902786.0,Sonipat
C04416,Balhaar,Bala,O,683492.0,Kavali
C02917,Waida,Mangal,male,1001434.0,Loni
C00958,Banjeet,Puri,O,775213.0,NADIAD
C04654,Ekavir,Shenoy,female,2852647.0,Ludhiana
C04092,Gopal,Pal,F,1104785.0,Thanjavur
C04661,Anvi,Chhabra,female,1600235.0,Firozabad
C00046,Gopal,Choudhury,female,2434950.0,Meerut
C01301,Geetika,Mitter,Male,2405365.0,Kirari Suleman Nagar
C02064,Advay,Varkey,F,372863.0,Mira-Bhayandar
C02157,Qushi,Soni,M,3031505.0,Jalandhar
C01710,Simon,Chandra,F,327367.0,tadipatri
C03639,Aryan,Pant,O,1566112.0,Agra
C02557,Rachita,Subramanian,Other,1674259.0,Hindupur
C00594,Leena,Andra,F,570707.0,
C01885,Jagvi,Bahri,F,2639396.0,Kishanganj
C00264,Parth,Deep,F,2114507.0,BALLIA
C01370,Ranveer,Amble,Male,2268166.0,
C03605,Rehaan,Chakrabarti,male,3167479.0,adoni
C01537,Neel,Sagar,female,2727698.0,KOZHIKODE
C03475,Omaja,Rajan,Male,2478521.0,Khammam
C04537,Reyansh,Keer,female,2203941.0,Gulbarga
C00811,Daksh,Dixit,Female,2973542.0,Kolhapur
C03567,Xiti,Suri,Male,2108190.0,srinagar
C02317,Janaki,Manne,Other,3282460.0,Bhilwara
C02063,Imaran,Sehgal,Female,2400207.0,Shimoga
C04022,Chaaya,Sekhon,female,2999913.0,
C00838,Ikshita,Jhaveri,O,1715794.0,Saharanpur
C01097,Bhavya,Tak,female,1503943.0,Jaipur
C03114,Abeer,Sarin,O,,Nanded
C03671,Jeevika,Thaman,M,1020951.0,Meerut
C01651,Rachana,Sawhney,Other,1560611.0,Mathura
C03840,Bhavani,Handa,Male,1962818.0,Dindigul
C04168,Vihaan,Gupta,F,2897108.0,Shimla
C01288,William,Cheema,F,1309181.0,Singrauli
C04782,Meera,Bansal,M,3351427.0,Etawah
C00108,Vanya,Edwin,O,1320242.0,Moradabad
C04012,Nicholas,De,female,2303799.0,Mirzapur
C00286,Warjas,Mangat,O,1321866.0,Bhubaneswar
C02696,Aarini,Pall,Female,2158481.0,Bikaner
C03841,Sara,Sachdev,female,1426180.0,Chennai
C02607,Chakrika,Mani,Male,1294843.0,Vadodara
C02178,Zashil,Gokhale,Male,686019.0,Ranchi
C01005,Chaaya,Loyal,O,2714358.0,Bidhannagar
C04391,Jeet,Bahri,F,1091370.0,THANJAVUR
C04576,Ekanta,Bakshi,male,2405715.0,Tiruchirappalli
C01338,Manbir,Grover,M,1131889.0,Pali
C04001,Anya,Nazareth,M,1234756.0,Bhilai
C01040,Yuvraj,Tiwari,Other,1808745.0,Ramagundam
C04371,Warda,Natarajan,F,3067468.0,Ozhukarai
C00099,Aadi,Bath,O,2177948.0,Aurangabad
C00748,Jagdish,Andra,O,438848.0,Karawal Nagar
C01884,Zinal,Narayanan,O,1650371.0,Madhyamgram
C02939,Amara,Mitra,F,1423961.0,Siliguri
C04613,Theodore,Mall,female,3458537.0,Muzaffarpur
C02203,Jeevika,Khatri,M,2271535.0,darbhanga
C00010,Rayaan,Buch,M,2214139.0,Udaipur
C04241,Amrita,Zachariah,M,1463172.0,Aurangabad
C04390,Ubika,Sathe,M,1068424.0,Ulhasnagar
C02190,Abha,Atwal,male,2848156.0,Uluberia
C04135,Frederick,Lad,Other,1980635.0,Solapur
C01047,Indira,Guha,O,3447512.0,Karaikudi
C04837,Shravya,Iyengar,Female,1204461.0,Jabalpur
C00093,Damyanti,Wagle,male,2173364.0,Bidhannagar
C01405,Mason,Subramaniam,F,1975723.0,Karnal
C00714,Liam,Srivastava,F,2979824.0,Raichur
C04366,Charles,Raju,Male,1206267.0,LUCKNOW
C02241,Joshua,Salvi,F,970527.0,Nandyal
C04088,Nitesh,Sangha,Other,904302.0,Farrukhabad
C04258,Pranav,Balan,Other,1735802.0,SECUNDERABAD
C00513,Jatin,Vyas,male,3033127.0,Salem
C04624,Urishilla,Cheema,F,2616657.0,Kharagpur
C02422,Eesha,Rout,female,2710576.0,baranagar
C02699,Eshana,Parmar,Male,2301345.0,bokaro
C00914,Vasatika,Venkatesh,male,2035099.0,Jalandhar
C01388,Maya,Saraf,Female,1466808.0,Imphal
C01046,Faraj,Borah,male,718631.0,Singrauli
C03056,Zansi,Nayar,male,1962184.0,
C00079,Chaman,Deep,O,1700384.0,Thrissur
C03811,Aradhana,Ramaswamy,M,1179095.0,Anantapuram
C00078,Pallavi,Rastogi,Male,1836997.0,nashik
C04587,Indali,Bandi,M,3279744.0,Yamunanagar
C04758,Aishani,Goswami,Female,934847.0,Meerut
C01735,Sai,Sarna,Female,2755567.0,Jamnagar
C04902,Ekavir,Rajan,Other,2280762.0,Tadipatri
C03489,Lopa,Patel,female,2233802.0,
C03084,Ayush,Behl,female,702522.0,Ratlam
C02021,Tripti,Hayer,Male,2347281.0,Mahbubnagar
C04013,Niharika,Behl,M,1981541.0,Kulti
C00298,Vivaan,Kothari,M,565430.0,Bardhaman
C03882,Yatan,Ganesan,male,1281401.0,Tiruchirappalli
C02313,Vamakshi,Sarna,M,2667323.0,Singrauli
C01195,Sathvik,Kapadia,Other,3155231.0,SURENDRANAGAR DUDHREJ
C00717,Devika,Acharya,F,856065.0,bhalswa jahangir pur
C04406,Arin,Joshi,F,,Pallavaram
C04808,Bhavani,Chacko,Male,2209047.0,Bhiwani
C01052,Mitesh,Mane,Other,530777.0,Karaikudi
C02297,Pallavi,Korpal,Male,2178064.0,Saharsa
C04461,Hitesh,Vala,M,2764367.0,Nanded
C01986,Gaurang,Grover,Female,3118636.0,Begusarai
C01243,Guneet,Banik,M,2793667.0,Thoothukudi
C04322,Kalpit,Chowdhury,O,1750337.0,Ulhasnagar
C04692,Banjeet,Varghese,female,2091780.0,Gudivada
C02398,Abha,Munshi,male,2195469.0,bardhaman
C01877,Jackson,Suresh,Female,2020887.0,Pali
C01612,Robert,Chahal,M,1611249.0,Thrissur
C01356,Lajita,Lala,F,860868.0,
C01797,Harshil,D’Alia,O,2319862.0,Gangtok
C01846,Hemangini,Chaudhari,male,2724925.0,Dhule
C04871,Jacob,Bhatnagar,M,2210055.0,DAVANAGERE
C01286,Dhruv,Bassi,O,,Bangalore
C01603,Nicholas,Sane,O,1800025.0,Mumbai
C00867,Aarush,Verma,M,2102898.0,Jabalpur
C03700,Zashil,Lad,Female,3383589.0,
C00334,Pallavi,Sarna,female,2128208.0,kumbakonam
C02683,Laban,Atwal,female,2368799.0,Rohtak
C02222,Ekani,Bali,male,2895521.0,Dindigul
C04422,Daniel,Rattan,Other,2215758.0,Rajkot
C02343,Dakshesh,Chaudhari,female,694441.0,
C04243,Widisha,Gala,O,1521398.0,Erode
C00672,Chavvi,Karnik,F,2306740.0,Ozhukarai
C00296,Chanakya,Aggarwal,Female,395861.0,Anand
C03469,Kai,Dugar,male,1936454.0,Rajpur Sonarpur
C01924,Divya,Nayak,O,451039.0,Amaravati
C00640,Orinder,Jaggi,O,3418380.0,Madhyamgram
C04677,Gaurika,Bhalla,Male,735635.0,Thrissur
C04524,Eiravati,Guha,Female,367551.0,GOPALPUR
C03968,Ranveer,Borah,F,3334859.0,purnia
C00796,Vamakshi,Maharaj,male,,Thane
C03173,Bahadurjit,Ray,F,874517.0,Visakhapatnam
C03588,Vansha,Narang,F,467436.0,ROURKELA
C01759,Falak,Bhatnagar,Male,637753.0,Udupi
C03130,Quincy,Wadhwa,O,415817.0,patiala
C04667,Vasudha,Dhawan,Female,2049224.0,NANDYAL
C03883,Falak,Char,O,928876.0,
C02084,Ekiya,Dua,Other,1947480.0,Srikakulam
C00739,Vidhi,Mukherjee,Male,1326349.0,Kanpur
C04284,Balveer,Mukhopadhyay,,3432784.0,ICHALKARANJI
C00366,Champak,Varkey,F,1525498.0,Amritsar
C01065,Udant,Thakur,F,3160923.0,
C00343,Pahal,Palla,F,2859899.0,Aurangabad
C01920,Girish,Mitra,Female,2847822.0,PATIALA
C00009,Tara,Grewal,O,2064886.0,DHANBAD
C03444,Jagdish,Deshmukh,F,1991121.0,jamalpur
C01801,Ekansh,Ramesh,Female,904085.0,Tiruppur
C01466,Omya,Khalsa,F,1227836.0,Gulbarga
C01836,Dalaja,Wali,Female,3313671.0,
C04420,Urmi,Kade,F,391140.0,Bhimavaram
C00505,Ishaan,Lalla,,1899669.0,Indore
C02018,Agastya,Tailor,M,1967203.0,Udupi
C01201,Vanya,Jhaveri,Male,2247154.0,Thane
C02257,Urishilla,Pathak,M,1166718.0,Rourkela
C04891,Guneet,Bahl,female,807816.0,saharsa
C02803,Vidhi,Nadig,Male,3043382.0,mahbubnagar
C02944,Devansh,Sood,female,945556.0,Nangloi Jat
C03448,Qarin,Kibe,male,2035462.0,Bikaner
C03178,Warinder,Narasimhan,Female,959868.0,
C04544,Nitesh,Pau,female,603104.0,Kamarhati
C04820,Rohan,Zacharia,female,1810097.0,Nanded
C00061,Utkarsh,Bhagat,Female,2416077.0,Ghaziabad
C03848,Ira,Basu,female,1436553.0,Ghaziabad
C01470,Yatan,Bahri,Female,,BHARATPUR
C03055,Charita,Kala,F,2078013.0,Bhopal
C03600,Reva,Wali,Male,2104102.0,Bhilai
C02457,Advaith,Mistry,F,576638.0,SRIKAKULAM
C02794,Aachal,Guha,female,1878828.0,Darbhanga
C02136,Sudiksha,Mani,male,2307004.0,purnia
C02310,Lekha,Mittal,male,3033747.0,
C00503,Kavya,Devi,O,2912693.0,dhanbad
C00351,Diya,Sarraf,female,2406172.0,Buxar
C00553,Avi,Bhandari,M,469476.0,Katihar
C01676,Barkha,Rajan,Female,2952312.0,Tiruchirappalli
C00063,Nathan,Nayar,,2618154.0,Gorakhpur
C02606,Caleb,Chandran,Male,1800993.0,udaipur
C04572,Anita,Magar,Female,3119973.0,Jalgaon
C01729,Tristan,Sundaram,female,1792584.0,Panchkula
C03331,Vrinda,Bhasin,Male,1448055.0,Bulandshahr
C01323,Rachita,Sani,Male,958632.0,HARIDWAR
C00237,Tanvi,Suresh,Male,1870554.0,Panvel
C01478,Jason,Pandit,Female,808038.0,Panvel
C02150,Nirja,Char,O,521200.0,Bhubaneswar
C02045,Parth,Bhakta,,2685568.0,Gaya
C03923,Bakhshi,Batra,Male,1885041.0,Udaipur
C02141,Hemang,Bains,Male,3306033.0,Dhanbad
C00298,Vivaan,Kothari,M,565430.0,Bardhaman
C01909,Lekha,Sawhney,,626030.0,Kishanganj
C02107,Bahadurjit,Sinha,Female,2280811.0,bhilai
C03000,Riya,Jain,O,1924374.0,Jalna
C01071,Nachiket,Warrior,male,2454666.0,Erode
C04354,Ishaan,Dhar,F,1816464.0,Nashik
C00740,Chakradev,Sur,female,1083965.0,JALGAON
C00441,Azaan,Sahota,Other,642523.0,PALLAVARAM
C02697,Vamakshi,Parmar,male,317656.0,Erode
C02416,Krishna,Keer,female,2044281.0,Chapra
C04365,Atharv,Oak,Female,1724074.0,Amaravati
C02412,Madhavi,Mann,Other,604828.0,Dharmavaram
C00656,Vansha,Ratti,O,2428794.0,BHUSAWAL
C03934,Onveer,Gole,Male,2544856.0,Nagaon
C03862,Ekaja,Upadhyay,Male,3269441.0,Raurkela Industrial Township
C00758,Wahab,Pall,male,3472353.0,Amroha
C01492,Samuel,Doctor,Male,3053989.0,Karnal
C01099,Imaran,Taneja,Other,2676994.0,Korba
C03976,Idika,Wagle,Other,3014714.0,Visakhapatnam
C03823,Ethan,Rastogi,Male,3076926.0,
C03043,Tara,Issac,Female,3373958.0,Kumbakonam
C03802,Ikbal,Kari,female,3002752.0,Saharsa
C03006,Gautami,Yogi,male,367888.0,Aurangabad
C04321,Luke,Chadha,M,1556696.0,New Delhi
C03046,Luke,Patla,Other,2610508.0,Phusro
C04211,Advika,Prashad,female,1474923.0,Akola
C03355,Jai,Soni,female,,
C00557,Yadavi,Sundaram,female,979450.0,Thane
C02614,Wahab,Nagi,Male,1852487.0,BHIWANDI
C04839,Tanveer,Chad,F,1296993.0,Visakhapatnam
C03089,Gaurangi,Gandhi,M,2387433.0,Durgapur
C01700,Vedant,Handa,F,800051.0,
C03772,Osha,Mammen,F,318100.0,Vijayawada
C01278,Yachana,Palla,O,1113122.0,Mirzapur
C03641,Ekiya,Rastogi,female,1841151.0,Rajpur Sonarpur
C01411,Veer,Khosla,male,3023066.0,
C01497,Chaitaly,Muni,male,2635513.0,Bally
C00017,Chaman,Ben,Other,2721260.0,Solapur
C02101,Harshil,Anand,female,1457374.0,aizawl
C03675,Jasmit,Kar,male,839059.0,Dharmavaram
C02879,Madhavi,Saran,Female,1318041.0,Alappuzha
C01977,Tamanna,Khanna,Other,651905.0,Proddatur
C03987,Ishita,Mistry,M,,DHULE
C04187,Tristan,Barad,male,2609963.0,
C00918,Avi,Soni,male,3080641.0,Kollam
C03737,Jai,Bava,Female,,Unnao
C02053,Arin,Sidhu,Male,2233621.0,Gaya
C00477,Elijah,Goel,male,558734.0,Udaipur
C02534,Tarak,Palla,F,3138877.0,Baranagar
C01800,Maya,Narayan,female,,Darbhanga
C03405,Vasudha,Divan,F,430525.0,Agra
C00613,Tristan,Master,male,2703044.0,Shimoga
C01180,Mugdha,Jaggi,female,3069680.0,Hajipur
C01178,Bhavna,Balakrishnan,Male,,GANDHIDHAM
C04516,Zehaan,Krishna,O,934512.0,Nandyal
C02038,Zayan,Sampath,Male,3242595.0,kharagpur
C04562,Balveer,Kannan,F,2826223.0,Satna
C02383,Aarav,Jayaraman,female,2113306.0,Srinagar
C01847,Wriddhish,Dube,O,2603901.0,Buxar
C00479,Samesh,Kalita,female,2714923.0,Munger
C02309,Siddharth,Shere,female,1937248.0,GUNTUR
C02100,Kabir,Vohra,Female,868135.0,Tiruchirappalli
C01515,Yoshita,Setty,O,2980510.0,Ahmedabad
C02770,Gautam,Ben,female,1920252.0,Kalyan-Dombivli
C01686,Quincy,Barman,Female,3149394.0,Siwan
C04655,Gaurang,Yadav,male,1730338.0,Khammam
C00853,Udarsh,Bora,Male,349880.0,Raipur
C01235,Ishita,Morar,Female,2017373.0,Unnao
C04570,Advaith,Balay,Female,2596562.0,Hospet
C04188,Zaid,Aurora,female,662988.0,Haridwar
C03619,Suhani,Chad,M,321907.0,Nadiad
C00875,Avni,Pall,O,,Lucknow
C00232,Aarush,Prashad,M,3122459.0,
C02227,Darika,Shanker,Male,,Belgaum
C04023,Radha,Cheema,Other,1911634.0,Alappuzha
C02404,Sudiksha,Bhatt,Male,1157231.0,Gaya
C00985,Anusha,Gandhi,Male,3270784.0,Bikaner
C01276,Laksh,Singh,Male,448503.0,Nashik
C00415,Rayaan,Gokhale,O,1498690.0,Jamnagar
C02231,Gaurang,Borah,male,2096665.0,Ajmer
C04016,Jeevika,Tella,Other,1163832.0,Junagadh
C00977,Damini,Dhillon,female,2476807.0,Junagadh
C01403,Jackson,Murty,F,3349693.0,Madhyamgram
C02596,Yadavi,Joshi,Female,2092501.0,Chennai
C02142,Nicholas,D’Alia,Male,1348395.0,karnal
C02821,Charita,Sawhney,Female,2901964.0,dibrugarh
C03646,Tanay,Chadha,female,540306.0,durg
C03930,Ekanta,Kapur,Male,2054057.0,panihati
C02185,Yatan,Merchant,M,1315423.0,Tenali
C01325,Dominic,Shah,female,2641765.0,Mangalore
C00387,Damyanti,Hayre,F,799375.0,Kirari Suleman Nagar
C03797,Ekbal,Dyal,O,,Nashik
C03555,Balendra,Viswanathan,male,2199376.0,Sikar
C03449,Samesh,Mahal,Other,2998578.0,Gopalpur
C04995,Dipta,Balay,female,3229212.0,GAYA
C00197,Aadi,Venkatesh,Female,900978.0,
C00267,Kabir,Yohannan,Male,1005590.0,Thiruvananthapuram
C04885,Harshil,Yogi,Other,3466109.0,Agartala
C00984,Damyanti,Padmanabhan,Male,604671.0,Maheshtala
C01502,Anvi,Mital,Male,619867.0,Lucknow
C03177,Vamakshi,Savant,Other,1000066.0,vellore
C02286,Turvi,Swaminathan,Other,460806.0,
C01532,Aarnav,Chaudry,Female,1092697.0,Ghaziabad
C01078,Bakhshi,Chaudhuri,male,1651676.0,Chittoor
C03655,Lakshmi,Nair,female,3340774.0,Nagercoil
C03661,Eta,More,female,1117340.0,Sikar
C00392,Forum,Aggarwal,female,548853.0,Maheshtala
C03689,Niharika,Upadhyay,male,2579716.0,Tiruppur
C03546,Ekaraj,Rao,Female,,Jamalpur
C01798,Wakeeta,Mital,male,1593499.0,JAMMU
C01153,Urishilla,Deol,M,2563502.0,Navi Mumbai
C00929,Samesh,Thakur,O,1483399.0,Bokaro
C00746,Pranit,Nori,male,372517.0,Surendranagar Dudhrej
C00147,Utkarsh,Bassi,O,2404997.0,Jalgaon
C01891,Kavya,Konda,O,3213703.0,Kakinada
C00449,Ekapad,Uppal,F,3425701.0,Udaipur
C03224,Qadim,Sabharwal,Other,1156210.0,RAJAHMUNDRY
C03596,Anya,Dada,Male,692314.0,Khandwa
C01498,Sanaya,Patil,Male,1522079.0,Ramagundam
C04083,Luke,Gulati,Male,1079980.0,MAHESHTALA
C04639,Damini,Andra,Female,3376971.0,Singrauli
C02708,Bina,Venkataraman,O,1455280.0,Tezpur
C00137,Meghana,Loyal,female,2471401.0,Varanasi
C01961,Nathan,Bath,F,2422880.0,MUMBAI
C03957,Gavin,Khosla,male,2254293.0,Silchar
C03961,Tripti,Seth,Other,1326865.0,Rajkot
C04991,Aditya,Dutta,Male,,SILIGURI
C01575,Vrishti,Dixit,Male,2602679.0,Muzaffarnagar
C05000,Jeevika,Pingle,female,2346770.0,BEGUSARAI
C01548,Sachi,Rai,O,2459656.0,Tiruppur
C00281,Wyatt,Dar,F,3363042.0,Udaipur
C01593,Jackson,Saini,M,869810.0,Ongole
C03165,Chakrika,Kata,F,3346259.0,Bhagalpur
C01540,Onkar,Sood,male,1811537.0,Faridabad
C02004,Vedhika,Baral,F,3257827.0,
C03057,Avni,Badal,male,454859.0,Unnao
C03869,Ekanta,Khurana,,592799.0,Raebareli
C02791,Girik,Buch,Other,,BHIND
C00581,Maanav,Krish,Female,1430323.0,KARAIKUDI
C00252,Garima,Bera,Female,2695173.0,Morbi
C03665,Yuvraj,Balakrishnan,female,894051.0,
C02035,Ucchal,Roy,Other,3162867.0,gurgaon
C00300,Rishi,Kadakia,male,2471801.0,Tirunelveli
C03366,Manbir,Bansal,M,407894.0,agra
C03430,Dhriti,Salvi,Male,3023445.0,Khora 
C01207,Pooja,Madan,M,3016662.0,Serampore
C01130,Warjas,Sengupta,O,1764201.0,Sambalpur
C03679,Eta,Tella,male,1132202.0,avadi
C02283,Neel,Pandey,Male,1913016.0,Aligarh
C03493,Anirudh,Tailor,Male,,Gopalpur
C00784,Max,Dass,Female,978173.0,DEOGHAR
C04853,Geetika,Parikh,Female,1092449.0,Bijapur
C00954,Aarav,Tata,Female,1595453.0,Chandigarh
C03508,Luke,Jayaraman,female,1195118.0,Jodhpur
C03745,Lakshmi,Prasad,F,1658080.0,Kirari Suleman Nagar
C02767,Rayaan,Mohan,O,2952537.0,Morena
C04729,Upadhriti,Hegde,O,1812318.0,Davanagere
C04650,Pooja,Dayal,O,3024329.0,Kharagpur
C03940,Ikbal,Arya,O,3328854.0,Madhyamgram
C04605,Bhavini,Padmanabhan,Female,750882.0,Dhanbad
C00873,Aarini,Tak,F,2602780.0,Imphal
C02272,Anjali,Thaman,O,3195880.0,Bahraich
C00753,Vedhika,Tella,female,1187688.0,Kadapa
C02797,Jasmit,Merchant,M,2812371.0,Kadapa
C03063,Yashvi,Chhabra,F,1076756.0,Muzaffarpur
C02482,Maanas,Dua,M,,Bikaner
C00990,Rushil,Rout,Other,326294.0,Bareilly
C04866,Aarav,Gaba,Male,337264.0,Hyderabad
C01627,Ridhi,Saini,Other,3299903.0,
C00155,Vedhika,Dugar,O,3217896.0,Sambalpur
C02524,Vivaan,Brahmbhatt,O,1393565.0,Agra
C00532,Gavin,Buch,Female,3459701.0,Purnia
C04300,Ganga,Verma,female,3319212.0,Ramgarh
C01344,Maanav,Dugar,Female,3349101.0,Raebareli
C04845,Bhavini,Shere,male,960775.0,Mehsana
C00839,Yahvi,Krishnan,male,3326575.0,Patiala
C01967,Eiravati,Mohan,O,1956393.0,Avadi
C04228,Triya,Bali,Female,2187898.0,Dewas
C01544,Kai,Minhas,Other,2572174.0,Gorakhpur
C02995,Jagrati,Kari,Other,2763484.0,Bhagalpur
C04625,Hiral,Om,O,408983.0,Bhiwani
C02868,Turvi,Anand,Other,1424847.0,Gopalpur
C00002,Udant,Kaul,female,2494384.0,Gopalpur
C03851,Deepa,Chawla,male,3257347.0,Fatehpur
C03207,Reva,Varughese,O,950532.0,
C02721,Gayathri,Jani,Other,,Aligarh
C03247,Arunima,Chada,Other,301586.0,
C04148,Arya,Contractor,M,1330293.0,Eluru
C03966,Abeer,Mangat,,1198809.0,Dehradun
C03153,Vaishnavi,Sahni,M,309066.0,kozhikode
C03529,Agastya,Apte,Other,1921615.0,TEZPUR
C01521,Hemang,Goswami,Male,1685513.0,Arrah
C03739,Oliver,Nanda,Other,1711818.0,ORAI
C04644,Keya,Bobal,O,3222181.0,Bhavnagar
C01086,Rushil,Nagy,F,1663136.0,Raichur
C02428,Wazir,Dasgupta,Male,502120.0,Rajkot
C04146,Raghav,Dayal,male,1384278.0,satna
C01416,Michael,Pillai,Other,1632958.0,
C00179,Vedhika,Dara,M,2829460.0,Bhatpara
C00699,Janaki,Guha,M,2052142.0,Bongaigaon
C04479,Leena,Swaminathan,male,2707104.0,Gangtok
C01890,Garima,Varughese,male,3242177.0,Vijayanagaram
C04407,Ishwar,Balasubramanian,M,362735.0,BHAGALPUR
C00325,Dhriti,Biswas,male,1030225.0,RAURKELA INDUSTRIAL TOWNSHIP
C04026,Urvi,Rama,O,2359789.0,Ramagundam
C03135,Ekbal,Mahal,Female,2561859.0,TINSUKIA
C04224,Xavier,Kapur,Female,1827561.0,nizamabad
C03554,Frederick,Ganesan,O,1674183.0,Katihar
C02407,Harinakshi,Kari,O,3316823.0,Berhampore
C04673,Abdul,Anand,Other,2652608.0,Gandhinagar
C04590,Gavin,Kurian,male,469686.0,Darbhanga
C01253,Reva,Saraf,male,2421696.0,Bhiwani
C02898,George,Parsa,Male,3225911.0,Satna
C04361,Panini,Sahota,M,1291524.0,CHENNAI
C04996,Lopa,Pandit,Male,3275505.0,Ichalkaranji
C04997,Fiyaz,Nagi,M,,Mira-Bhayandar
C04077,Ijaya,Bhavsar,O,1850373.0,Berhampur
C03812,Nathaniel,Tripathi,female,1979015.0,Mira-Bhayandar
C00556,Lila,Batta,female,786437.0,Gaya
C04778,Ekaja,Joshi,male,2057242.0,Yamunanagar
C01079,Nidhi,Ranganathan,O,2406383.0,SRI GANGANAGAR
C00691,Maya,Dixit,Male,3000722.0,
C03743,Anita,Sahni,female,2559109.0,SAMBHAL
C01782,Jeevika,Nori,male,2145256.0,Mango
C03375,Ayush,Kamdar,O,932125.0,Kollam
C00452,Qadim,Pal,O,3082464.0,Burhanpur
C04411,Vidhi,Tank,M,635265.0,Tiruchirappalli
C02476,Arjun,Bhagat,male,2113409.0,MUMBAI
C02544,Unnati,Oza,Female,1674754.0,Nandyal
C01337,Wakeeta,Trivedi,,3094651.0,Vijayawada
C03007,Libni,Batta,Male,537950.0,gudivada
C01343,Charita,Venkatesh,Male,3095792.0,Kulti
C00684,Umang,Mani,F,2451219.0,
C01237,Farhan,Dewan,Male,,Amroha
C01803,Anya,Gill,O,1792986.0,Miryalaguda
C02649,Fariq,Dhaliwal,M,1871781.0,Jalandhar
C04403,Abha,Khare,Female,825995.0,
C03016,Leena,Sarkar,female,2290163.0,Raurkela Industrial Township
C03820,Kai,Thaman,Other,949211.0,Tiruchirappalli
C00858,Vidhi,Sathe,O,2297369.0,Guwahati
C01166,Eshana,Sani,Female,3403565.0,KOLKATA
C03387,Rajata,Rao,F,2996174.0,Sri Ganganagar
C04332,Bahadurjit,Bhatt,M,2928050.0,Kota
C04532,Forum,Nayar,F,3449336.0,Bihar Sharif
C04492,Jatin,Bedi,male,307649.0,Muzaffarnagar
C01049,Vaishnavi,Varkey,F,1596092.0,Chittoor
C00457,Hiral,Tara,male,2599458.0,Saharanpur
C02645,Anusha,Palan,O,2879212.0,Fatehpur
C00708,Abhimanyu,Mital,male,3228034.0,Raichur
C02763,Widisha,Shroff,F,1752154.0,Bettiah
C02417,Ekansh,Kapoor,Female,511609.0,Chandigarh
C03062,Vivaan,Mangal,F,652749.0,Akola
C04493,Girish,Gola,male,391595.0,Pudukkottai
C03973,Balveer,Menon,Male,,phusro
C02569,Widisha,Bhardwaj,Male,,Aurangabad
C00764,Tanish,Desai,male,3161191.0,
C03360,Pranit,Savant,male,2325118.0,jorhat
C02963,Viraj,Chokshi,female,2110975.0,Hospet
C02901,Janaki,Atwal,M,3086047.0,Bahraich
C00860,Robert,Bansal,female,3410731.0,Dewas
C03272,Zehaan,Dhaliwal,female,,Bhalswa Jahangir Pur
C02807,Anay,Bains,O,645643.0,Morena
C02622,Quincy,Mitra,M,1922714.0,MORADABAD
C03142,Samarth,Nayar,female,2809591.0,Bhiwandi
C00765,Gautam,Lad,F,2010365.0,VIJAYAWADA
C01773,Zaid,Prabhu,female,454168.0,Dhule
C00769,Avi,Kakar,Female,763170.0,Amritsar
C02218,Ojas,Zacharia,Female,1422123.0,
C00026,Yug,Konda,Other,2393838.0,Baranagar
C00124,Zaid,Mangal,male,741156.0,Chandigarh
C00412,Bhavya,Sant,M,1587229.0,Guna
C04558,Radhika,Raman,Female,1440981.0,Bangalore
C01350,Zaid,Chopra,Other,2632969.0,Hazaribagh
C02906,Tara,Morar,F,3333248.0,Davanagere
C00098,Zarna,Yogi,male,1612448.0,Udupi
C03576,Darpan,Purohit,female,1708249.0,Nashik
C01229,Bhavna,Sharaf,male,3016163.0,Bally
C04662,Hemani,Bhardwaj,F,2697488.0,HINDUPUR
C03303,Oeshi,Dube,O,1348537.0,Meerut
C04090,Manbir,Gera,F,954552.0,PALI
C01128,Ekalinga,Dalal,O,3374803.0,Chittoor
C01009,Siya,D’Alia,male,2041015.0,Meerut
C04567,Balvan,Gupta,O,2363249.0,Karimnagar
C04824,Tripti,Ahluwalia,M,585494.0,Saharanpur
C04420,Urmi,Kade,F,391140.0,Bhimavaram
C01272,Patrick,Thakkar,O,1470354.0,Adoni
C03831,Wakeeta,Sachar,F,1216548.0,Karnal
C01903,Vincent,Parmer,F,904052.0,Chinsurah
C04784,Samaksh,Raghavan,Male,1162298.0,Kota
C04239,Nikita,Bhagat,O,1604319.0,Bilaspur
C04628,Lila,Mitter,O,736516.0,Dharmavaram
C02402,Ekani,Deep,Other,1386579.0,Saharanpur
C01395,Leena,Gour,male,1480930.0,Meerut
C04721,Bina,Suri,O,975090.0,Kolkata
C03275,Nidhi,Desai,male,2865906.0,
C00710,Waida,Dixit,M,684641.0,Medininagar
C01531,Oviya,Sachdev,M,1936814.0,Ulhasnagar
C02545,Vamakshi,Sampath,F,2981884.0,Rohtak
C00514,Neelima,Tripathi,F,2990716.0,Malda
C04442,Arjun,Parikh,female,2173454.0,Gandhinagar
C03904,Karan,Zachariah,F,3263220.0,Phusro
C02899,Ladli,Dada,Male,1216359.0,
C02727,Om,Mohan,M,2999558.0,
C03866,Sachi,Raman,O,3333087.0,Shahjahanpur
C00114,Diya,Chauhan,O,2002419.0,Cuttack
C00648,Dayita,Sarkar,M,3059505.0,KORBA
C01853,Zehaan,Jayaraman,,1801213.0,Kadapa
C03123,Jagrati,Ramesh,Female,883326.0,Danapur
C03264,Amara,Devan,F,1567129.0,Khandwa
C04124,Peter,Pal,,1978099.0,Orai
C03824,Diya,Bakshi,male,2410430.0,AMBARNATH
C04367,Nihal,Mishra,F,1406923.0,surendranagar dudhrej
C03807,Rachit,Vaidya,female,1904978.0,Siliguri
C02666,Rushil,Ramachandran,Female,2928900.0,Lucknow
C01462,Jasmit,Ratta,Male,1629022.0,Nangloi Jat
C00421,Gabriel,Sarin,M,373867.0,Bangalore
C00293,Leena,Kota,female,2006097.0,Srikakulam
C03174,Yauvani,Dara,female,655542.0,Bhubaneswar
C02362,Waida,Tara,Other,338359.0,Jamshedpur
C03095,Fariq,Saraf,Other,637034.0,Vijayawada
C03550,Dhruv,Swamy,male,875621.0,RAJAHMUNDRY
C00994,Gavin,Bhatia,female,3178028.0,Kota
C00077,Geetika,Hayre,Female,1299015.0,THOOTHUKUDI
C04069,Mohammed,Panchal,male,1263269.0,Jhansi
C04563,Mahika,Nigam,female,2191787.0,Aizawl
C02785,Imaran,Tata,Other,2328090.0,Arrah
C02399,Oni,Sarraf,Male,998512.0,Bulandshahr
C01674,Forum,Setty,M,1926041.0,Ludhiana
C04912,Ikshita,Tak,O,1128005.0,SRI GANGANAGAR
C03722,Tejas,Chad,male,3065019.0,Rewa
C03999,Lakshmi,Padmanabhan,Other,2494336.0,Vellore
C04457,Gaurika,Mangat,Other,2203032.0,KHORA 
C04838,Deepa,Pandey,female,2904074.0,Satna
C00829,Janani,Handa,F,569971.0,Nanded
C03579,Pushti,Savant,female,2317022.0,Hindupur
C04554,Warhi,Ramakrishnan,Female,2733048.0,Aurangabad
C02311,Vidhi,Bhattacharyya,male,3220723.0,Panvel
C00713,Warda,Grewal,Female,919275.0,Ongole
C01776,Benjamin,Nazareth,Other,2368358.0,Ichalkaranji
C04969,Idika,Kanda,Male,753632.0,Kozhikode
C01164,Chasmum,Solanki,F,3114730.0,tadipatri
C01149,Gaurang,Keer,M,3080236.0,kurnool
C00812,Devansh,Sandal,Male,3158039.0,Tumkur
C04256,Benjamin,Upadhyay,M,913540.0,Thane
C03659,Wakeeta,Sengupta,male,463557.0,Howrah
C01813,Kashish,Ramachandran,Female,,Noida
C01953,Nitesh,Shukla,Male,3382905.0,MALEGAON
C02933,Ikshita,Nair,Other,2614518.0,
C03790,Amrita,Bhargava,female,2757992.0,Arrah
C02605,Anthony,Cherian,male,1500984.0,Latur
C03696,Leela,Kaul,F,1320324.0,
C03403,Oliver,Salvi,Other,1526062.0,Ramagundam
C04793,Vihaan,Palla,Other,2911703.0,ETAWAH
C02197,Zayyan,Kapoor,female,2601643.0,Aizawl
C04986,Jack,Vasa,Female,2913119.0,
C04334,Krishna,Ravel,,2445704.0,Farrukhabad
C02714,Owen,Samra,Female,1853175.0,Jaunpur
C04992,Nicholas,Edwin,Male,3385449.0,Chapra
C03087,Viraj,Keer,Other,1496543.0,Shivpuri
C00070,Kai,Ahuja,male,590941.0,Hapur
C00490,Ethan,Kant,female,1733697.0,
C01039,Krish,Yohannan,Male,2815768.0,Danapur
C03931,Lakshit,Chana,F,1627922.0,DEHRI
C03778,Mekhala,Barman,Female,2742251.0,ozhukarai
C00939,Hema,Sarin,O,3363092.0,Motihari
C03802,Ikbal,Kari,female,3002752.0,Saharsa
C01064,Widisha,Boase,Male,600672.0,bhilai
C03765,Naksh,Kannan,female,2905841.0,Malda
C01473,Dhriti,Samra,Female,1401141.0,Giridih
C00210,William,Apte,F,732781.0,Shimla
C00801,Bina,Shenoy,O,1575176.0,MACHILIPATNAM
C01815,Mohammed,Kumer,Male,1807963.0,Dibrugarh
C03677,Ishita,Dhar,F,3251279.0,SULTAN PUR MAJRA
C00063,Nathan,Nayar,,2618154.0,Gorakhpur
C03181,Zansi,Chakraborty,Female,1996347.0,Serampore
C00932,Aarav,Borde,F,2873714.0,Bhalswa Jahangir Pur
C03872,Devansh,Singh,Male,313856.0,Jodhpur
C01996,Lakshmi,Krishna,male,2605400.0,Pondicherry
C03304,Yatin,Boase,O,1255420.0,Bhopal
C02493,Lavanya,Dara,male,3098193.0,Purnia
C01020,Bimala,Krishnan,male,,Vadodara
C01902,Kabir,Shan,Other,1151630.0,Aurangabad
C04164,Laban,Keer,Male,477374.0,Bhopal
C04312,Varenya,Sane,O,3493268.0,Jhansi
C02037,Shravya,Lall,Male,2682464.0,Dharmavaram
C03684,Veer,Sawhney,Female,3062821.0,Tiruvottiyur
C00738,Maanas,Thakur,Female,2286571.0,kolkata
C03895,Vritti,Bedi,M,765981.0,Bhalswa Jahangir Pur
C01206,Ansh,Natt,Female,1336712.0,Ramagundam
C01383,Vedant,Jani,O,688325.0,bulandshahr
C02499,Madhav,Khurana,M,852060.0,kadapa
C03051,Nachiket,Sekhon,Female,3483597.0,ANANTAPUR
C03199,Warjas,Anand,O,1295741.0,KAVALI
C03805,Devansh,Brar,F,1553280.0,Gangtok
C04834,Mitesh,Nagarajan,male,801022.0,Amaravati
C03460,Prisha,Doshi,Female,1535149.0,Bhilai
C03712,Tanish,Deep,M,1232604.0,
C04936,Harita,Roy,Female,1165864.0,North Dumdum
C04400,Guneet,Modi,F,2369417.0,Mangalore
C01820,Daksha,Chatterjee,O,2680640.0,Nagercoil
C03330,Samarth,Rajagopalan,M,521232.0,Mahbubnagar
C03442,Daniel,Oak,O,1893715.0,Amritsar
C00850,Banjeet,Dhawan,Male,728119.0,Gorakhpur
C02792,Advik,Vig,male,1541907.0,Jalgaon
C03396,Gautami,De,Male,1321525.0,New Delhi
C00382,Raksha,Mani,M,2891664.0,
C03871,Charles,Babu,F,1043453.0,Malegaon
C02744,Nirja,Deshpande,Male,2904390.0,Tiruvottiyur
C01158,Alexander,Karpe,O,957716.0,Pondicherry
C03268,Chaitaly,Ben,Male,1325145.0,Farrukhabad
C02875,Darpan,Gupta,M,3145518.0,TADEPALLIGUDEM
C03091,Ranveer,Nadkarni,female,1850433.0,Davanagere
C00534,Aarnav,Chaudhuri,Other,1866595.0,RAIPUR
C01702,Andrew,Yohannan,male,2733646.0,Proddatur
C00332,Charita,Din,M,2962828.0,Mumbai
C03047,Jagvi,Gupta,M,1118583.0,
C02089,Yashvi,Dutt,Female,3474009.0,TIRUCHIRAPPALLI
C02583,Eesha,Sridhar,Male,766498.0,Sagar
C00190,Radha,Srivastava,Male,514763.0,PALLAVARAM
C01874,Jai,Sachdeva,Female,3098697.0,Morbi
C02501,Maanas,Warrior,F,2259235.0,GUDIVADA
C00887,Ekaraj,Kale,male,586585.0,Muzaffarpur
C04765,Vrinda,Sane,Male,,Shimoga
C01861,Turvi,Gulati,male,2459971.0,Panihati
C02978,Divya,Narayanan,Other,2388290.0,
C02032,Nimrat,Chandran,M,1733806.0,Dharmavaram
C04118,Chanchal,Peri,female,355526.0,Tadepalligudem
C03585,Amruta,Gade,Female,739920.0,Morena
C01816,Samaksh,Bhatnagar,O,696317.0,Kamarhati
C02775,Vivaan,Mammen,Other,2886610.0,Hindupur
C02433,Shivansh,Sangha,female,1378144.0,Kishanganj
C02480,Joshua,Seshadri,O,2757279.0,Warangal
C04476,Hemang,Nath,Other,774654.0,Kalyan-Dombivli
C04807,Shaurya,Toor,Other,2458691.0,Yamunanagar
C04454,Unni,Ahluwalia,Other,,Mau
C02630,Darpan,Suri,Female,1962042.0,MAHESHTALA
C04159,Chakradev,Chaudry,F,377188.0,
C01440,Omkaar,Randhawa,F,3226330.0,Dindigul
C02647,Udarsh,Kumar,O,,Tezpur
C00329,Yochana,Borah,M,3285182.0,Moradabad
C00970,Wishi,Toor,O,1472587.0,tiruchirappalli
C04510,Qasim,Chowdhury,Other,677215.0,Kochi
C03621,Nandini,Solanki,female,548772.0,Anand
C01465,Zansi,Dhingra,Other,1771919.0,Pimpri-Chinchwad
C04606,Onveer,Naik,Other,2961976.0,Agartala
C00242,Vidhi,Memon,O,2107740.0,Raipur
C02108,Zilmil,Varghese,O,689439.0,New Delhi
C04571,Falan,Ghose,O,2825546.0,Surendranagar Dudhrej
C02555,Bachittar,Chawla,male,2708517.0,Panvel
C00322,Maya,Sem,Female,2878298.0,Ambattur
C02017,Timothy,Oza,M,1332263.0,Maheshtala
C00550,Sneha,Samra,M,1555358.0,Ozhukarai
C03618,Upadhriti,Mishra,female,892209.0,Thoothukudi
C00365,Yachana,Ramakrishnan,Other,659914.0,PUDUKKOTTAI
C03213,Manan,Gara,M,839550.0,Pudukkottai
C00299,Chandran,Nair,male,1277961.0,Siliguri
C01339,Harita,Mangat,Female,1817093.0,BIJAPUR
C01171,Girish,Saraf,Female,690583.0,thiruvananthapuram
C00510,Jagvi,Barad,Female,669053.0,Rohtak
C03061,Kashvi,Puri,O,1670573.0,bhopal
C01518,Janani,Padmanabhan,male,1027622.0,Kota
C02967,Hredhaan,Rajagopalan,Female,2580459.0,tirupati
C04034,Jack,Prakash,Male,2585001.0,VISAKHAPATNAM
C03218,Gayathri,Contractor,M,606406.0,Anantapuram
C04704,Yuvraj,Rege,Other,3403837.0,Pali
C04050,Vaishnavi,Gera,F,3134920.0,gurgaon
C04368,Jasmit,Manda,O,3127276.0,Belgaum
C02920,Eshana,Kothari,F,454643.0,Ghaziabad
C00674,Naveen,Om,M,2553757.0,Satna
C00864,Lekha,Jha,female,2346206.0,Tenali
C02234,Ronith,Krishnamurthy,Male,923432.0,Moradabad
C04772,Nisha,Golla,male,869778.0,Bhalswa Jahangir Pur
C03076,Tarak,Dhaliwal,Female,1281970.0,AGARTALA
C04299,Abhimanyu,Goswami,O,924643.0,Agra
C04471,Frado,Gole,O,414029.0,Bardhaman
C04560,Quincy,Ray,Other,2281662.0,Jalandhar
C02805,Hitesh,Viswanathan,female,1870292.0,Jhansi
C04564,Girish,Kata,male,2235209.0,Ahmednagar
C01938,Kiaan,Devan,Female,2189683.0,Dibrugarh
C00636,Jagrati,Gandhi,Other,568569.0,Parbhani
C04196,Kalpit,Kale,Male,1514975.0,Mira-Bhayandar
C03122,Nimrat,Walia,Male,1553556.0,Gulbarga
C02216,Gavin,Lata,Female,1631971.0,
C02881,Christopher,Singhal,male,2208089.0,Kishanganj
C01487,Mugdha,Dhaliwal,F,3126082.0,Morbi
C00819,Shivani,Pandey,female,3408956.0,Jabalpur
C01526,Naksh,Mannan,F,2201094.0,Gulbarga
C04015,Vamakshi,Dara,M,2350821.0,Gangtok
C03788,Hamsini,Chander,F,1394485.0,Amritsar
C03948,Brijesh,Bir,O,3300879.0,Bettiah
C00536,Sathvik,Walia,F,3349602.0,Vellore
C00622,Ekiya,Kata,male,3098504.0,PALLAVARAM
C00959,Ronith,Kulkarni,Female,3062627.0,Muzaffarnagar
C03384,Balhaar,Varkey,,2189137.0,Sikar
C02634,Tanay,Brar,male,773547.0,Bhusawal
C02611,Varenya,Vig,M,456621.0,Madanapalle
C03998,Bina,Sant,F,2391141.0,Thoothukudi
C03434,Eiravati,Suresh,Male,,Pudukkottai
C01098,Jhalak,Choudhry,Other,2160156.0,Danapur
C00188,Abdul,Shere,M,472583.0,Serampore
C02264,Jairaj,Swaminathan,F,3107494.0,Amritsar
C03322,Prisha,Tella,Female,910226.0,Tirunelveli
C04255,Bhavani,Pant,O,3374554.0,Udupi
C01922,Edhitha,Behl,Other,1651724.0,RAURKELA INDUSTRIAL TOWNSHIP
C02377,Ganga,Mitra,Male,1601399.0,Nagpur
C03839,Samesh,Halder,O,2935528.0,Visakhapatnam
C01442,Gaurang,Bakshi,Other,2159913.0,Kishanganj
C03041,Lekha,Arora,M,3474388.0,Motihari
C03652,Neha,Gole,O,1571709.0,Faridabad
C01127,Dev,Bhatnagar,Female,1018465.0,Nizamabad
C04945,Ishita,Patla,Male,1945944.0,Bardhaman
C04626,Jai,Pal,O,,AMBALA
C03696,Leela,Kaul,F,1320324.0,
C00006,Ethan,Madan,Male,,Bongaigaon
C00316,Inaya,Shah,O,322471.0,Bidar
C01719,Fiyaz,Majumdar,female,734573.0,Thrissur
C00360,Lopa,Dhawan,male,1160883.0,Bulandshahr
C02974,Omkaar,Pall,Male,2262487.0,amaravati
C02635,Hiral,Basak,Other,2008559.0,bhind
C00566,Warinder,Barad,male,3072117.0,Karimnagar
C00426,Aachal,Handa,Female,2687273.0,Shahjahanpur
C03536,Ladli,Koshy,Male,2092124.0,Aligarh
C03926,Dominic,Pathak,F,2214188.0,Sambalpur
C03824,Diya,Bakshi,male,2410430.0,AMBARNATH
C02092,Yagnesh,Natt,male,3460749.0,Jaunpur
C01506,Rohan,Grover,Female,3218872.0,kadapa
C00780,Xiti,Sachar,O,1441725.0,Saharanpur
C02401,Yashodhara,Patel,Male,3453320.0,Sambhal
C03771,Ubika,Chakrabarti,Male,2028844.0,Bangalore
C03367,Ranbir,Chaudhari,female,891242.0,Mathura
C04792,Nathaniel,Shankar,F,444869.0,Nagpur
C00759,Sarthak,Arora,O,760752.0,Satna
C04907,Gayathri,Buch,female,472126.0,mehsana
C04194,Chakradev,Shere,M,1426458.0,BHAGALPUR
C00456,Krish,Bali,Female,1842982.0,Chapra
C03133,Lakshmi,Amble,O,1978256.0,
C04177,Owen,Kala,M,916017.0,
C00589,Damyanti,Ahuja,M,1086801.0,Delhi
C02528,Kashish,Taneja,O,1682760.0,Kishanganj
C02177,Faqid,Gara,Other,1677531.0,Nadiad
C01647,Banjeet,Char,O,2600882.0,Panvel
C02048,Dayamai,Dugal,O,2552544.0,Mau
C02567,Chaman,Kapur,F,3071279.0,Korba
C02073,Janya,Badami,Female,,Surendranagar Dudhrej
C03560,Vedhika,Dixit,Male,1055286.0,Raebareli
C02475,Ekaja,Balan,M,497611.0,Munger
C02989,Aahana,Mishra,Male,2432555.0,Bidar
C03891,Anamika,Gupta,Other,3307713.0,Farrukhabad
C02870,Panini,Purohit,M,,karimnagar
C03735,Vasudha,Butala,F,1610217.0,Guna
C00688,Oeshi,Bedi,F,1039113.0,Kadapa
C03194,Vincent,Parikh,Female,3319106.0,Visakhapatnam
C03853,Triveni,Kunda,Female,1540376.0,Srinagar
C00128,Aarush,Baral,Female,2991242.0,Chandigarh
C04852,Finn,Bajaj,O,2461176.0,Ghaziabad
C00652,Vinaya,Radhakrishnan,male,1546908.0,HYDERABAD
C04053,Matthew,Sanghvi,male,1923488.0,Ambarnath
C03250,Ekapad,Bhagat,Other,1811202.0,Tirunelveli
C04279,Aadi,Kara,Male,3114287.0,Dhanbad
C01011,Teerth,Nagi,Female,2782922.0,Meerut
C01693,Anya,Balasubramanian,M,,naihati
C01724,Yash,Kalla,Male,,North Dumdum
C03594,Manthan,Ganesan,male,1167271.0,Tirunelveli
C01747,Gagan,Char,female,2407631.0,Thiruvananthapuram
C01333,Viraj,Gulati,F,1647286.0,noida
C01525,Benjamin,Uppal,Male,504038.0,
C01038,Imaran,Verma,female,2328610.0,Nashik
C04058,Falak,Tiwari,M,3386120.0,LUCKNOW
C00154,Yatin,Bir,Other,1690133.0,North Dumdum
C00110,Kala,Dhawan,Male,3170199.0,Kozhikode
C01304,Wyatt,Deshmukh,M,780820.0,Tezpur
C02060,Harinakshi,Shanker,female,438508.0,Sultan Pur Majra
C00310,Lekha,Dani,M,349928.0,Sri Ganganagar
C04683,Gagan,Mahajan,Male,739855.0,Ramagundam
C00997,Yashica,Munshi,F,3162845.0,Ahmednagar
C02260,Orinder,Vig,M,2210808.0,Rajpur Sonarpur
C04220,Nidra,Mander,O,1565506.0,Bhagalpur
C03835,Nikita,Doshi,male,3145802.0,
C03072,Ati,Gour,M,,Moradabad
C03703,Wridesh,Chana,M,2965141.0,kollam
C00055,Gautami,Kunda,male,878938.0,Rohtak
C03517,Aarush,Baria,Male,2227232.0,Moradabad
C02126,Rudra,Dey,Male,1319913.0,Shimla
C04353,Jagat,Gola,O,706111.0,Noida
C00167,Jagvi,Yogi,O,2104492.0,Dewas
C03648,Gopal,Tandon,Female,1983792.0,Gudivada
C00892,Pranav,Jayaraman,F,1367609.0,maheshtala
C00716,Bhavya,Shere,Female,2071533.0,Hyderabad
C00896,Balhaar,Bedi,,1066256.0,South Dumdum
C00464,Ekiya,Mangal,O,2748645.0,Malda
C04382,Pallavi,Singhal,F,3345789.0,Erode
C04553,Nimrat,Ratti,O,3254372.0,PALI
C04547,Warinder,Trivedi,M,2635005.0,DHARMAVARAM
C01605,Azaan,Edwin,male,1142819.0,NASHIK
C02002,Mason,Lata,male,3214743.0,Haridwar
C04629,Rachana,Bhatti,F,2618700.0,Farrukhabad
C03588,Vansha,Narang,F,467436.0,ROURKELA
C00992,Laban,Ramanathan,Male,3229113.0,Madanapalle
C02135,Leena,Bera,,672398.0,THIRUVANANTHAPURAM
C03466,Balendra,Raja,male,1286132.0,rajkot
C02024,Sara,More,F,426830.0,Nagercoil
C03157,Chasmum,Saha,F,2392541.0,kakinada
C01186,Arjun,Gala,Other,3444607.0,Rajahmundry
C03364,Falak,Yohannan,O,,Gandhidham
C03351,Chakradhar,Jhaveri,Female,1426072.0,KARAIKUDI
C02766,Isaac,Vohra,Male,977493.0,Yamunanagar
C00145,Yamini,Tiwari,O,3015349.0,Nagaon
C00813,Faris,Ben,Female,1645092.0,Vellore
C04708,Qarin,Sandal,F,1735807.0,Phagwara
C03270,Qabil,Palla,M,2374563.0,Kanpur
C02549,Sneha,Natarajan,Female,3129037.0,Kota
C02351,Ayush,Wadhwa,female,3468996.0,Uluberia
C00457,Hiral,Tara,male,2599458.0,Saharanpur
C03645,Simon,Buch,F,1086111.0,
C02845,Avi,De,Other,999851.0,Ulhasnagar
C04112,Ekantika,Datta,Male,2841491.0,Siwan
C00263,Chaman,Mallick,male,,Agra
C02903,Farhan,Suresh,F,2311110.0,Shivpuri
C03245,Amaira,Prakash,male,1931011.0,
C02918,Jeet,Bhargava,F,2350735.0,Nadiad
C04666,Damini,Sandhu,M,1906018.0,Lucknow
C02590,Wahab,Sur,F,3499588.0,Latur
C04916,Oscar,Jayaraman,male,377330.0,Davanagere
C03872,Devansh,Singh,Male,313856.0,Jodhpur
C03197,Amol,Lall,female,3033490.0,BONGAIGAON
C01509,Banjeet,Chada,male,1026903.0,Sangli-Miraj & Kupwad
C02160,Ojas,Ahuja,O,760316.0,Asansol
C00349,Udant,Deol,F,1613731.0,Ajmer
C01809,Veda,Ahluwalia,O,2174441.0,Sirsa
C01368,Oviya,Vohra,O,1917927.0,Kirari Suleman Nagar
C03673,Sanaya,Agarwal,female,908268.0,Pune
C00506,Vidhi,Comar,O,2095497.0,AMROHA
C03372,Radhika,Batta,Other,3033041.0,mirzapur
C01661,Pallavi,Kapoor,O,1748974.0,hindupur
C00090,Andrew,Nigam,Female,3316582.0,Tirunelveli
C03804,Zaitra,Shukla,Male,3094848.0,serampore
C04579,Krishna,Lall,,2864415.0,mira-bhayandar
C04841,Janani,Kara,female,775862.0,Buxar
C03242,Triya,Merchant,Male,,
C02950,Neel,Kohli,Other,,Dibrugarh
C01970,Barkha,Apte,Other,2529056.0,Jodhpur
C04248,Xavier,Bala,Male,2027240.0,Thane
C04545,Shivani,Gopal,Other,1774020.0,Haridwar
C01929,Waida,Ranganathan,Female,946686.0,Nizamabad
C04581,Gagan,Ramanathan,Female,1988117.0,KHAMMAM
C02621,Jonathan,Kothari,female,1020664.0,UDAIPUR
C04911,Gabriel,Gokhale,F,2830333.0,Ajmer
C03279,Aryan,Batta,Female,1438191.0,Pondicherry
C00356,Frederick,Ganguly,Other,2667348.0,Mango
C01508,Isha,Kulkarni,F,1367184.0,DHULE
C03557,Samesh,Chand,F,2116927.0,KAKINADA
C01883,Aradhana,Krishnan,O,2303155.0,BHALSWA JAHANGIR PUR
C02303,Leela,More,Male,2704868.0,Kavali
C00975,Yatin,Choudhary,M,2390562.0,Tadipatri
C00292,Bhanumati,Srinivas,female,1848723.0,Ambarnath
C03085,Triveni,Randhawa,,377659.0,Jaipur
C02650,Yachana,Rana,female,2975015.0,Kakinada
C00220,Bina,Lata,Female,1878808.0,Kharagpur
C01088,Arjun,Deep,Male,2233258.0,PRODDATUR
C03533,William,Divan,Female,2108058.0,TIRUVOTTIYUR
C00781,Yashawini,Sem,male,1874317.0,Narasaraopet
C04948,Nimrat,Vora,O,2269870.0,Uluberia
C02753,Vasana,Raju,Other,,Solapur
C03715,Parth,Mohanty,female,2722896.0,Ahmedabad
C00454,Rachana,Kota,Female,3091432.0,Raebareli
C03908,Shravya,Dyal,female,3296871.0,BONGAIGAON
C02062,Ojas,Narayan,Other,2933152.0,Dindigul
C01966,Bhavna,Swaminathan,male,1504965.0,Surendranagar Dudhrej
C00976,Anamika,Nanda,O,1640976.0,mango
C02281,Tanish,Narain,male,1808778.0,Madhyamgram
C04643,Tara,Som,Male,3343797.0,Kottayam
C03711,Theodore,Sibal,O,2739297.0,Gangtok
C00885,Janaki,Kar,Female,2586161.0,NIZAMABAD
C04765,Vrinda,Sane,Male,,Shimoga
C04930,Aarav,Jain,male,1184172.0,Ahmednagar
C00411,Bahadurjit,Narain,O,1643908.0,North Dumdum
C04032,Charvi,Cheema,Male,2787832.0,Durgapur
C00723,Udarsh,Pall,Other,2894793.0,tezpur
C03951,Aradhana,Mandal,F,2393958.0,Bokaro
C01488,Warinder,Gaba,F,,Navi Mumbai
C01331,Ekbal,Shere,F,,Guna
C03421,Vamakshi,Shroff,O,1146445.0,Malda
C02430,Harsh,Radhakrishnan,O,1823010.0,Saharsa
C03447,Yoshita,Babu,F,3223339.0,Raurkela Industrial Township
C03356,Ishanvi,Dalal,O,1963088.0,Ahmednagar
C02497,Nicholas,Sathe,,2752136.0,Satara
C04981,Falak,Ganguly,female,1643695.0,BHALSWA JAHANGIR PUR
C01261,Vivaan,Dua,O,2643706.0,Bettiah
C04217,Adya,Sheth,Male,3307761.0,Rajahmundry
C01449,Simon,Bath,female,2220401.0,
C03141,Dalbir,Bandi,Female,1669103.0,Rajkot
C03607,Aadhya,Chaudhari,Male,3342739.0,Gandhinagar
C02893,Radha,Divan,Other,3141246.0,Ahmedabad
C04129,Oliver,Sarraf,,1353937.0,Madanapalle
C02468,Suhani,Hegde,male,3232828.0,Kirari Suleman Nagar
C01869,Dayamai,Varty,F,2681560.0,
C01695,Madhavi,Dhar,male,1936132.0,Jalandhar
C01775,Damyanti,Sahota,O,2827039.0,Ambala
C04171,Ishwar,Narayanan,Female,1424587.0,Orai
C00125,Bakhshi,Tak,male,1861797.0,Giridih
C02016,Aadhya,Sunder,male,3189700.0,Madanapalle
C02390,Luke,Bath,,2384215.0,Orai
C00194,Oni,Kurian,Other,2861544.0,SALEM
C01263,Vamakshi,Shetty,,3134969.0,Ambarnath
C00450,Girik,Pai,M,,Vadodara
C01574,Avni,Bhardwaj,F,1525546.0,jaunpur
C03670,Vedika,Sahota,Male,582908.0,Sonipat
C03440,Udyati,Acharya,F,3100664.0,Ambattur
C00843,Tara,Nadig,Female,1831807.0,Mumbai
C04144,Brinda,Varghese,male,2318671.0,Ambattur
C01589,Shaurya,Amble,F,1087520.0,Panihati
C01499,Andrew,Sunder,F,961347.0,Uluberia
C04450,Yamini,Radhakrishnan,F,1346970.0,Latur
C01051,Qasim,Doctor,male,3220601.0,Bhind
C01971,Tanish,Prabhakar,male,3492677.0,Buxar
C03511,Vrinda,Ganguly,,948465.0,Sirsa
C04542,Om,Mishra,male,1576049.0,Naihati
C02261,Aarini,Patil,O,1217261.0,RAJAHMUNDRY
C03837,Chatura,Gulati,O,1181935.0,Thoothukudi
C01095,Jatin,Bhandari,Female,926667.0,Imphal
C04094,Omya,Vyas,M,3396764.0,BHIND
C03815,Aryan,Sura,female,2104253.0,Avadi
C03633,Pahal,Lanka,male,3434660.0,
C03952,Harinakshi,Issac,O,2698084.0,Vijayawada
C00619,Chandresh,Nagy,M,2764924.0,Korba
C00610,Yatan,Kar,Male,340529.0,
C02813,Osha,Kumar,Male,1379503.0,satara
C00109,Rudra,Sami,F,1940780.0,PUNE
C04085,Chaaya,Bajwa,M,1932391.0,Nandyal
C00574,Umang,Anand,female,3497386.0,Erode
C00627,David,Batta,Female,2398478.0,Bellary
C03713,Champak,Nair,O,1062553.0,madhyamgram
C02238,Neelima,Hayer,male,1193964.0,Dhanbad
C00287,Jhalak,Sarkar,F,408486.0,Rewa
C01406,Chaaya,Raju,O,1166922.0,Bareilly
C03814,Harrison,Dey,F,1995401.0,Udupi
C00661,Ekapad,Contractor,female,1991580.0,YAMUNANAGAR
C00972,Ekta,Oak,female,2737122.0,Kadapa
C01528,Dakshesh,Jayaraman,female,784337.0,Nandyal
C02439,Qarin,Mand,O,2553655.0,kakinada
C02423,Ishani,Sarin,Male,3223318.0,Durgapur
C02248,Isaac,Sha,O,2305221.0,Bhiwandi
C03389,Atharv,Keer,M,2449847.0,Bhavnagar
C01520,Christopher,Anne,O,974041.0,Kamarhati
C01357,Girish,Wagle,female,2776876.0,Bihar Sharif
C04876,Ekanta,Subramaniam,Male,1529619.0,Raurkela Industrial Township
C04267,David,Suresh,M,1582827.0,Tiruppur
C00095,Saumya,Bose,Female,1732320.0,Latur
C01654,Neel,Shanker,Male,,Surat
C04525,Xavier,Batra,female,2056507.0,Davanagere
C01081,Nakul,Kapadia,Other,3154419.0,alwar
C04351,Ethan,Oza,,1174272.0,Bidhannagar
C01534,Rachita,Babu,O,940536.0,Phagwara
C01956,Yashasvi,Chandran,Female,1973860.0,kalyan-dombivli
C02793,Praneel,Kaul,Other,2427377.0,UJJAIN
C04846,Rajata,Choudhry,O,1261314.0,Firozabad
C03324,Varsha,Tripathi,Female,1153249.0,Bareilly
C04619,Suhani,Srivastava,O,649656.0,Kalyan-Dombivli
C03296,Ekavir,Pradhan,M,1389131.0,Raipur
C01622,Ekapad,Dayal,Other,765931.0,Rajpur Sonarpur
C03108,Yagnesh,Mani,Female,2528022.0,Bidhannagar
C04215,Chandani,Nagi,Other,3297949.0,Bhatpara
C04408,Owen,Radhakrishnan,Female,835209.0,Nangloi Jat
C00671,Rajata,Dutt,O,1582995.0,lucknow
C02866,Aishani,Sanghvi,,780758.0,Asansol
C03273,Vivaan,Dyal,Female,1858446.0,Gaya
C00600,Yashvi,Ganguly,,427090.0,Suryapet
C00558,Nitesh,Jaggi,F,2050443.0,Bally
C01361,Veda,Khanna,Male,972456.0,Durgapur
C04951,Ubika,Padmanabhan,O,1768491.0,GWALIOR
C02492,Xalak,Arora,M,1136240.0,Satna
C02047,Rachita,Kar,O,2142797.0,Ambarnath
C02945,Aachal,Rana,Female,1719004.0,Sambhal
C01830,Abeer,Magar,F,2649457.0,PRODDATUR
C04192,Devika,Brar,Other,303222.0,KATNI
C00035,Ridhi,Aggarwal,male,1764712.0,Kamarhati
C03212,Harsh,Malhotra,Male,1657952.0,proddatur
C04909,Yashawini,Chander,Male,2250637.0,Nagpur
C00846,Jairaj,Parikh,M,2518105.0,dewas
C02934,Pallavi,Vyas,male,2775765.0,Sultan Pur Majra
C01010,Finn,Lata,Female,3411329.0,Indore
C02522,Lakshmi,Agarwal,O,1720643.0,Buxar
C00625,Vedhika,Arya,female,1818954.0,kanpur
C01887,Irya,Memon,female,1800135.0,YAMUNANAGAR
C02712,Garima,Halder,O,3096198.0,Bongaigaon
C01479,Advaith,Sankar,Other,463030.0,Morbi
C03730,Siya,Srinivasan,male,1654129.0,Kavali
C04059,Agastya,Kannan,F,1572940.0,Pali
C03573,Sara,Saraf,female,1081102.0,Arrah
C03558,Reyansh,Shah,Other,3337663.0,Vasai-Virar
C00081,Tara,Narasimhan,Male,1716245.0,PALI
C01855,George,Pai,Female,3364304.0,Bidhannagar
C00886,Hritik,Trivedi,Female,1747396.0,Vijayanagaram
C00696,Ira,Shenoy,Male,845441.0,Udaipur
C00157,David,Sur,male,2792379.0,
C01362,Ishita,Chandra,Male,705692.0,Silchar
C01983,Advik,Bala,F,1351240.0,Mysore
C04815,Kala,Sengupta,F,,Rajpur Sonarpur
C01560,Manbir,Halder,Male,2251173.0,Amritsar
C02679,Zansi,Raja,Female,2232267.0,Silchar
C01543,Diya,Venkataraman,Other,3126477.0,Dehri
C00680,Pallavi,Dhar,Male,2294864.0,Chennai
C01111,Ijaya,Ahluwalia,male,1991869.0,Mahbubnagar
C04877,Ucchal,Iyengar,Male,2512666.0,Aurangabad
C01811,Qadim,Devan,Female,3005053.0,Vijayanagaram
C03847,Ishwar,Pant,Other,2315002.0,Ozhukarai
C01494,Noah,Shankar,male,481241.0,Madanapalle
C04394,Wriddhish,Natarajan,Male,1178427.0,
C02372,David,Mistry,Other,2928309.0,Nagercoil
C03437,Tanvi,Bhargava,male,1533710.0,Bathinda
C02624,Mahika,Kaul,O,2936671.0,Surat
C01697,Vritti,Parmer,male,2812707.0,Bokaro
C02596,Yadavi,Joshi,Female,2092501.0,Chennai
C03454,Ethan,Om,M,3096851.0,JAUNPUR
C03622,Chakradev,Baral,Female,2557238.0,Indore
C04737,Qushi,Bansal,F,1824630.0,Gangtok
C04531,Barkha,Walia,male,2032269.0,Gaya
C02965,Onkar,Tak,female,2190419.0,Bijapur
C02922,Jasmit,Behl,,1731731.0,Jamalpur
C02072,Madhavi,Balan,Other,1880383.0,Haridwar
C00508,Bhavna,Bal,F,430516.0,BHIWANDI
C00718,Abeer,Chopra,Other,1996874.0,Ujjain
C01211,Rajeshri,Raja,M,3219447.0,Pallavaram
C02054,Zilmil,Ravel,Male,1240337.0,mango
C04446,Gaurangi,Kapoor,O,2537355.0,Sirsa
C04474,Waida,Deol,O,3286034.0,Burhanpur
C03310,Kai,Sandal,male,1849632.0,Amritsar
C02806,Ansh,Master,O,993404.0,Noida
C01277,Oeshi,Rege,M,1367077.0,Moradabad
C01360,Joshua,Chander,female,,Thanjavur
C04642,Vinaya,Dutt,F,319178.0,Burhanpur
C01772,Zinal,Johal,Male,3423282.0,Alappuzha
C02590,Wahab,Sur,F,3499588.0,Latur
C03979,Shravya,Sanghvi,O,3455294.0,
C04246,Yamini,Sangha,Female,3257229.0,Hapur
C02123,Champak,Johal,F,1255654.0,Yamunanagar
C00842,Yash,Jaggi,M,945203.0,Chinsurah
C01673,Ishanvi,Deshpande,female,2661636.0,Munger
C00084,Gayathri,Behl,Male,3184463.0,Madanapalle
C04396,Ekanta,Guha,Male,716863.0,Pune
C04515,Bhavya,Kaur,M,1427120.0,Anand
C02431,Hardik,Savant,F,947085.0,bhusawal
C03789,Gavin,Iyengar,,2105812.0,
C01003,Mahika,Dhar,female,2940187.0,Burhanpur
C00133,Deepa,Krishnamurthy,female,2776000.0,Ranchi
C00195,Hamsini,Bhat,M,1823403.0,Guntur
C02175,Rajeshri,Dhar,Male,2027335.0,Singrauli
C00023,Kritika,Kamdar,Male,991762.0,Salem
C03884,Samesh,Patel,F,1946292.0,Vijayanagaram
C03477,Wazir,Deo,F,1036043.0,Hapur
C01640,Yochana,Kurian,Female,3114701.0,Gandhinagar
C00244,Eesha,Kunda,F,3138905.0,Visakhapatnam
C01183,Gaurika,Keer,M,1404486.0,Navi Mumbai
C04165,Logan,Yohannan,M,1203594.0,Siliguri
C03530,Henry,Ahuja,Female,1087626.0,Ramagundam
C02526,Jalsa,Sabharwal,O,2774089.0,Phagwara
C00199,Farhan,Narain,Female,1248903.0,Vijayanagaram
C02149,Aryan,Chawla,Other,2209291.0,ETAWAH
C03107,Azad,Ratti,O,630691.0,Mathura
C01152,Luke,Bal,Female,3142430.0,Bhilwara
C04462,Caleb,Ramesh,Other,1540570.0,Moradabad
C01400,Adya,Sarma,F,3431899.0,FARIDABAD
C03783,Alexander,Barman,M,1155368.0,Ballia
C02516,Balvan,Sagar,Male,1583837.0,Nagpur
C01050,Ikshita,Toor,F,1091064.0,MUNGER
C04522,Ayushman,Purohit,O,417044.0,Kadapa
C02254,Pahal,Sachar,Other,1561532.0,Gulbarga
C03699,Manbir,Bhargava,male,3147306.0,Tirunelveli
C00276,Jeremiah,Krishnan,O,1553426.0,Raiganj
C04549,Tamanna,Tak,Other,1215871.0,delhi
C04929,Max,Sawhney,Male,904289.0,Nizamabad
C03158,Amruta,Ramesh,Other,3202190.0,Muzaffarpur
C00501,Tarak,Ganesan,Female,1963415.0,Dehri
C00814,Yasti,Baral,male,2077433.0,Surat
C03265,Harsh,Garde,O,2405592.0,Bhavnagar
C04121,Panini,Panchal,M,3069581.0,Nagaon
C01490,Azaan,Shah,M,1528764.0,Panvel
C01076,Nimrat,Nagarajan,Male,1237733.0,Rajpur Sonarpur
C04501,Chandani,Kurian,Female,3075070.0,nanded
C01770,Vinaya,Krishna,O,401325.0,Bahraich
C03010,Vedika,Shanker,Other,3320866.0,Pimpri-Chinchwad
C03353,Nisha,Johal,F,2964127.0,RAJPUR SONARPUR
C03014,Pratyush,Nagy,O,2425793.0,KOZHIKODE
C04413,Gaurang,Konda,M,2531047.0,miryalaguda
C04150,Indali,Bath,,1687378.0,Uluberia
C01336,Janani,Dubey,Male,1485143.0,hospet
C03800,Avi,Mitter,O,2708166.0,Nagercoil
C00418,Ishaan,Ahluwalia,Female,1326285.0,Amritsar
C04810,Geetika,Borde,male,2510279.0,Hospet
C00980,Chanakya,Bhatti,Other,3173431.0,Hapur
C02121,Advik,Kibe,female,3424321.0,Bettiah
C03137,Lajita,Pal,O,3347966.0,Coimbatore
C04054,Shaurya,Khanna,M,2631012.0,Khandwa
C00492,Varenya,Kaur,Female,1855739.0,rourkela
C02705,Anirudh,Guha,female,3255306.0,Jalandhar
C02740,Divya,Behl,Other,3107186.0,Mumbai
C04002,Anmol,More,Other,,Panihati
C00180,Brinda,Comar,Other,1365509.0,Haridwar
C02065,Shivansh,Mann,F,1434194.0,
C04805,Advik,Mall,male,3428312.0,Indore
C01048,Nathan,Acharya,Male,3495900.0,Ramgarh
C01631,Karan,Oak,Male,910481.0,VIJAYANAGARAM
C04235,Varenya,Jaggi,F,3313526.0,Panipat
C02345,Megha,Saraf,M,1972186.0,Firozabad
C00027,Siya,Shroff,M,2229012.0,Cuttack
C02733,Pooja,Dewan,Other,1144641.0,Chinsurah
C04732,Amol,Singhal,O,1142216.0,
C00354,Dakshesh,Barad,Other,2030993.0,Ulhasnagar
C04223,Riya,Misra,O,383958.0,Giridih
C00709,Neel,Sridhar,Other,1045948.0,Kavali
C04283,Wishi,Naidu,O,1470290.0,satna
C01583,Girik,Rout,O,3446957.0,Gangtok
C00824,Chaaya,Seshadri,Female,434990.0,Sangli-Miraj & Kupwad
C04297,Vasatika,Kanda,female,1493916.0,Satna
C04105,Upma,Loke,M,2527878.0,Jehanabad
C03678,Gaurangi,Mannan,Other,2392059.0,Khammam
C04264,Onkar,Wason,male,1226530.0,Gandhidham
C01972,Rayaan,Kibe,male,2161140.0,Guntur
C03192,Vedika,Vohra,Male,,Bhilai
C04730,Rushil,Chander,female,3440949.0,
C03149,Tristan,Acharya,M,1589053.0,Udaipur
C03032,Laksh,Rana,female,2492932.0,KADAPA
C00601,Garima,Jain,M,2775567.0,Erode
C01563,Indira,Gade,female,3335449.0,Bokaro
C04725,Kashvi,Narain,F,3221156.0,
C04242,Charita,Dugar,Male,1054014.0,Avadi
C01217,Mekhala,Vaidya,Female,3220278.0,Yamunanagar
C00822,Balveer,Apte,female,740655.0,Katni
C04906,Rachit,Balakrishnan,Other,732335.0,Ballia
C01425,Hemal,Kalita,Male,1118552.0,Bhusawal
C02124,Indira,Choudhary,M,2761133.0,Kamarhati
C04074,Keya,Dugar,Other,927345.0,Bihar Sharif
C00144,Ishwar,Dugal,F,2168083.0,Alappuzha
C02267,Jackson,Sehgal,Other,1399471.0,Cuttack
C00763,Udant,Sami,Other,1979416.0,Satna
C03067,Azad,Deol,male,1581898.0,Mahbubnagar
C01233,Panini,Master,F,3298161.0,Tumkur
C03337,Lucky,Oommen,F,3220239.0,Hubli–Dharwad
C04913,Timothy,Mand,male,1214019.0,pondicherry
C03320,Abeer,Chandra,F,882019.0,Secunderabad
C04607,Lajita,Patil,Male,3414847.0,KARAIKUDI
C02440,Kai,Devi,Other,2365845.0,amravati
C03497,Ekapad,Chowdhury,M,2998406.0,Erode
C04122,Nikita,Khosla,Other,1533060.0,Etawah
C03720,Andrew,Master,O,1866700.0,Secunderabad
C00868,Tejas,Samra,F,,Aligarh
C04219,Lavanya,Salvi,F,2122907.0,Munger
C02502,Girindra,Suresh,male,337683.0,Lucknow
C00272,Arjun,Misra,M,1134195.0,Guntur
C00201,Anusha,Vasa,Other,1653844.0,malda
C01345,Mitali,Oak,Other,2327477.0,PALI
C02661,Lucky,Kakar,Other,1255303.0,North Dumdum
C04648,Jeevika,Palla,male,2207092.0,tezpur
C01061,Upkaar,Gaba,M,2182682.0,Nagaon
C01802,Manthan,Ramesh,F,1715319.0,Dharmavaram
C01062,Harinakshi,Pillay,O,3229578.0,Begusarai
C00809,Akshay,Sethi,F,2963904.0,Chittoor
C01160,Balhaar,Bala,male,,indore
C00654,Gaurang,Sunder,F,2968291.0,Nellore
C02948,Ranveer,Jayaraman,F,2398395.0,Hyderabad
C00547,Samaksh,Mohan,O,815031.0,Karaikudi
C01289,Logan,Dani,Male,1380168.0,SILCHAR
C04504,Ekta,Cheema,male,2845827.0,Karawal Nagar
C00828,Nisha,Sheth,female,1376432.0,Kurnool
C03742,Anusha,Basak,M,1798890.0,HUBLI–DHARWAD
C01599,Libni,Ratta,female,300505.0,Katihar
C02708,Bina,Venkataraman,O,1455280.0,Tezpur
C04731,Alexander,Bakshi,Male,627708.0,siliguri
C04206,Gauri,Chauhan,M,3148884.0,Lucknow
C01921,Zarna,De,F,1546520.0,Gandhidham
C00907,Rohan,Sodhi,O,471008.0,Etawah
C00338,Bachittar,Sibal,Male,3242295.0,Bellary
C01407,Anthony,Pandit,Other,2222219.0,Singrauli
C04240,Nilima,Kalla,Female,725965.0,Karaikudi
C02153,Lipika,Ranganathan,Female,2294047.0,Giridih
C01396,Gavin,Sachdev,male,1865918.0,Lucknow
C00054,Aarini,Puri,O,807720.0,Nanded
C01034,Kalpit,Sangha,male,1884394.0,Gandhidham
C04155,Yashodhara,Aurora,Other,2085033.0,
C03527,Darika,Sarin,female,,Imphal
C03584,Hema,Dass,O,1810491.0,chittoor
C02977,Darsh,Dubey,Other,,AMBATTUR
C03397,Vyanjana,Kadakia,Male,1481440.0,Shimoga
C00575,Kashvi,Jani,female,3237654.0,Ichalkaranji
C03049,Isaac,Dar,F,2049170.0,Mango
C01569,Jeevika,Krish,female,1863050.0,Ahmedabad
C04939,Aadi,Sur,,2148471.0,Bharatpur
C04287,Victor,Hegde,Other,325999.0,Etawah
C03315,Liam,Nanda,Other,3422210.0,Bhubaneswar
C04633,Aadhya,Karan,Female,1224961.0,rajahmundry
C01142,Gauri,Hegde,Other,2390306.0,HAJIPUR
C02735,Chasmum,Ganguly,male,430661.0,Tiruchirappalli
C04325,Aarav,Zachariah,female,3358439.0,Tirunelveli
C04724,Urvashi,Mahal,female,3164984.0,Karimnagar
C02988,Krisha,Warrior,F,639864.0,Warangal
C02483,Henry,Dass,Female,2462409.0,Ahmedabad
C00757,Zaitra,Dubey,Female,780461.0,
C00998,Timothy,Bala,F,1637763.0,Tiruchirappalli
C04959,Kamala,Agarwal,Male,1109248.0,Bhagalpur
C03502,Zaitra,Rao,male,2532145.0,Sambhal
C02418,Ryan,Pillai,female,900357.0,AURANGABAD
C04559,Aashi,Sandhu,O,2001362.0,Lucknow
C00062,Girik,Karnik,female,3246354.0,Tenali
C02242,Anya,Divan,Male,3162628.0,Muzaffarpur
C04320,Ranbir,Chopra,Other,2236663.0,RAMAGUNDAM
C04313,Avni,Narayanan,Female,2645265.0,bathinda
C00870,Anita,Bumb,Male,1312073.0,AIZAWL
C04862,Omkaar,Naik,Male,1039375.0,DHANBAD
C01500,Joshua,Chowdhury,male,2222956.0,Mangalore
C00430,Ronith,Kunda,F,2101415.0,Mathura
C00166,Balveer,Uppal,male,1600539.0,Phusro
C04511,Dayamai,Sarin,male,319061.0,Noida
C04641,Lakshit,Garde,male,1886574.0,Vasai-Virar
C03033,Tanay,Gupta,male,,Adoni
C01319,Sarthak,Hegde,F,3241813.0,Vijayawada
C02940,Yashvi,Luthra,Female,568767.0,siwan
C02211,Yoshita,Taneja,female,2670345.0,Tirunelveli
C03686,Riya,Kibe,M,899513.0,Latur
C00330,Kashvi,Kar,Other,1744945.0,Katihar
C01845,Charan,Roy,Male,2891592.0,Gopalpur
C02256,Thomas,Sant,Female,815533.0,Alappuzha
C03132,Ria,Bal,F,2467469.0,Rampur
C00762,Unni,Palla,Other,2632032.0,shimoga
C02409,Dalbir,Oak,M,3367465.0,KISHANGANJ
C02460,Chandresh,Chaudhari,Male,1197472.0,Gandhidham
C01533,Lavanya,Koshy,Male,599725.0,Jhansi
C02700,Nitara,Parsa,,1990117.0,Thiruvananthapuram
C02568,George,Chaudhry,male,,Ghaziabad
C04378,Yashodhara,Bhavsar,Female,3363501.0,SATARA
C01273,Utkarsh,Patel,male,814780.0,Mehsana
C04679,Vamakshi,Varma,Other,807130.0,Chandrapur
C04399,Yug,Pandey,O,1558108.0,Danapur
C03974,Ijaya,Dube,M,2003604.0,Sambalpur
C02403,Nachiket,Rege,male,380393.0,Rajkot
C01684,Simon,Jaggi,female,1495980.0,Rajpur Sonarpur
C00529,Eta,Saxena,Female,1793357.0,Alwar
C04814,Harsh,Kothari,F,1127070.0,Shimoga
C03313,Utkarsh,Shetty,O,499701.0,Mira-Bhayandar
C03019,Dayamai,Krishna,male,2045533.0,Nizamabad
C02996,Idika,Saran,male,2701912.0,Vijayanagaram
C03595,Zinal,De,Male,505558.0,Ahmedabad
C00142,Amara,Sami,Other,3105507.0,Latur
C02075,Daksh,Goyal,Other,751189.0,Karawal Nagar
C02500,Brijesh,Nadig,Male,,Patiala
C01672,Suhani,Savant,F,2089731.0,Tirupati
C01985,Daksh,Dey,male,707155.0,Howrah
C00562,Chakradhar,Prabhu,O,1450799.0,BHAVNAGAR
C03635,Indali,Mani,Female,3005871.0,Cuttack
C04873,Anvi,Kara,female,523977.0,Jodhpur
C03068,Kamala,Bandi,M,1082487.0,Sasaram
C04514,Qarin,Srinivas,Male,341948.0,Nellore
C00413,Devika,Ranganathan,Female,394975.0,raipur
C03128,Aishani,Goda,Male,1312735.0,kadapa
C01976,Advaith,Mani,male,2880369.0,Bhagalpur
C00004,Indali,Agate,Male,3454188.0,Davanagere
C02723,Jalsa,Sharaf,male,,Bulandshahr
C00866,Eta,Doshi,Other,2256530.0,BHILAI
C03342,Harrison,Sane,male,3174082.0,Sonipat
C03540,Aarush,Narayanan,Female,2163693.0,Pune
C02273,Reyansh,Kari,Male,1455300.0,south dumdum
C02687,Damyanti,Sachdev,Female,339625.0,Danapur
C01957,Warjas,Dutta,Female,338347.0,Nanded
C00164,Aadhya,Kumer,Female,2772056.0,Shimla
C00651,Lakshmi,Saha,male,,Rajpur Sonarpur
C04921,Hema,Sibal,O,374378.0,
C04414,Idika,Swaminathan,male,2771395.0,Panihati
C04253,Jack,Gill,Female,1885081.0,New Delhi
C01365,Lopa,Gupta,male,3207776.0,PURNIA
C03164,Kai,Prabhu,Male,2059936.0,raurkela industrial township
C00925,Ryan,Borra,Other,3093698.0,ROHTAK
C03654,Ranveer,Modi,Male,2892575.0,Bhusawal
C02436,Chakradhar,Bawa,O,1043932.0,Yamunanagar
C00847,Ishwar,Dave,F,3334686.0,Bharatpur
C02167,Manan,Shetty,F,489494.0,Buxar
C00530,Kritika,Saxena,Male,1259771.0,Ongole
C03112,Michael,Gola,male,374354.0,Hospet
C00253,Yoshita,Sheth,female,3034503.0,parbhani
C02684,Charvi,Karnik,Female,2690026.0,Haldia
C00364,Aarna,Narayan,M,2382451.0,Jehanabad
C04754,Jeet,Dada,F,823916.0,nangloi jat
C02987,Laban,Toor,F,2657648.0,BURHANPUR
C00766,Saumya,Datta,Male,1994800.0,Surat
C01690,Rishi,Khalsa,F,3499614.0,Dewas
C03668,Vedika,Sami,male,591941.0,Karawal Nagar
C00375,Gayathri,Bath,female,933910.0,Hazaribagh
C04689,Divya,Gaba,M,1134079.0,North Dumdum
C01545,Divya,Bora,male,2658637.0,Faridabad
C03834,Anay,Dugar,,3034620.0,Anand
C02980,Chanchal,Salvi,male,3381540.0,vijayanagaram
C04078,Fiyaz,Maharaj,Male,3223345.0,ujjain
C04506,Gaurang,Murthy,Male,,Amravati
C00647,Robert,Dugar,F,1262059.0,nagaon
C02110,Ati,Biswas,O,2366515.0,Madhyamgram
C01351,Hema,Prabhakar,O,808796.0,Pallavaram
C00342,Chameli,Bora,female,1396441.0,Bhiwani
C03339,Ranveer,Bassi,F,2978023.0,
C03031,Vihaan,Oommen,Male,775688.0,Serampore
C04117,Nandini,Tank,female,444109.0,Bikaner
C00394,Dayita,Bedi,F,305633.0,Tumkur
C01161,Brinda,Dugar,F,816531.0,Guntakal
C01199,Aradhana,Kannan,M,633454.0,Guntur
C02732,Wyatt,Pradhan,Male,2330854.0,Vadodara
C02151,Rishi,Chandran,female,1306530.0,Udupi
C03649,Yutika,Ram,F,445590.0,Kalyan-Dombivli
C00520,Jai,Manda,F,2386241.0,Rajahmundry
C01450,Sachi,Purohit,,1029663.0,Aizawl
C02533,Gaurika,Sharaf,Male,1195837.0,Alappuzha
C03154,Zashil,Peri,male,2945332.0,Firozabad
C02470,Oscar,Narasimhan,female,320465.0,Tirupati
C01129,Advik,Garde,Male,2878539.0,bahraich
C04028,Zarna,Dey,F,1409727.0,Tadepalligudem
C04383,Neel,Karan,O,2754584.0,Raipur
C00933,Tamanna,Bajaj,Female,1548470.0,Gulbarga
C01872,Eiravati,Bajwa,female,2058269.0,
C04042,Aadi,Lata,female,2502204.0,Khandwa
C01633,Meera,Srivastava,M,720083.0,Thanjavur
C03601,Kashvi,Sibal,female,2984066.0,Bhavnagar
C01025,Robert,Devan,M,1849637.0,BIDHANNAGAR
C00602,Yatin,Bail,female,,Maheshtala
C03848,Ira,Basu,female,1436553.0,Ghaziabad
C02008,Faras,Bera,male,2055129.0,bihar sharif
C03058,Naveen,Keer,Male,2601050.0,jaipur
C02676,Karan,Walla,,3070203.0,Ballia
C00999,Benjamin,Swamy,F,3058909.0,Kalyan-Dombivli
C02953,Qadim,Ahluwalia,female,1487860.0,Bhiwandi
C03924,Krish,Bora,female,2113436.0,Mango
C04490,Kai,Contractor,M,2900607.0,Mangalore
C01608,Anmol,Sahni,F,3035510.0,Gulbarga
C03302,Varenya,Kamdar,female,311264.0,siwan
C00370,Sarthak,Das,O,2771302.0,bharatpur
C03028,Kevin,Master,Female,1972963.0,Fatehpur
C00711,Wahab,Palla,F,727375.0,Rajkot
C03103,Balendra,Chokshi,female,1949288.0,Ambattur
C03903,Eiravati,Sethi,male,3414459.0,Sambalpur
C03920,Raagini,Atwal,O,2764664.0,JAMNAGAR
C04946,Reva,Mannan,male,989542.0,Raiganj
C00512,Leela,Parmer,O,2717548.0,coimbatore
C04680,Oeshi,Dixit,female,2218046.0,Bhatpara
C04363,Neha,Sahni,M,,SECUNDERABAD
C04038,Anmol,Hayre,O,2973656.0,Panvel
C01755,Girish,Agrawal,,2174465.0,Sasaram
C04938,Naksh,Bajwa,male,408317.0,Purnia
C02387,Faraj,Arora,,3144010.0,Coimbatore
C00587,Gabriel,Pandya,F,2326412.0,Tirunelveli
C03290,Niharika,Zachariah,female,3423759.0,Bhilwara
C04985,Netra,Kurian,M,995133.0,Tinsukia
C03287,Vinaya,Saini,Female,2255117.0,Allahabad
C04037,Lakshmi,Sanghvi,O,3484390.0,karawal nagar
C00120,Janaki,Sundaram,female,1058975.0,Amroha
C03629,Teerth,Merchant,O,2326482.0,
C02190,Abha,Atwal,male,2848156.0,Uluberia
C04976,Anay,Venkatesh,Male,1607429.0,Bhavnagar
C00742,Yamini,Nori,M,2748549.0,Burhanpur
C03636,Chasmum,Mani,O,1718112.0,
C01293,Gagan,Cheema,O,3189074.0,kurnool
C04753,Laban,Rai,male,3392340.0,Ozhukarai
C01688,Aishani,Dutta,O,2818155.0,
C03796,Warjas,Bera,Male,1114804.0,dhule
C03729,Anmol,Varty,F,375598.0,
C04776,Orinder,Master,Male,2577558.0,Siliguri
C01037,Ojas,Subramanian,Other,347021.0,MUNGER
C03568,Sachi,Mani,F,3299668.0,Motihari
C04082,Mitesh,Bahl,Other,1659767.0,Allahabad
C01616,Faraj,Behl,male,3480427.0,Gaya
C04207,Reyansh,Bhatti,O,2185396.0,Jalna
C04602,Ganga,Sen,O,2388343.0,Kakinada
C01736,Dominic,Deshmukh,F,649077.0,Rohtak
C00863,Chaitaly,Ranganathan,O,683996.0,Gudivada
C00965,Harini,Misra,Male,3009927.0,JALANDHAR
C03741,Harshil,Master,male,928543.0,Korba
C00196,Manan,Pandit,F,2847168.0,Rampur
C01958,Chakradev,Seshadri,Female,850803.0,
C00284,Girish,Mishra,F,3196670.0,Karawal Nagar
C04184,Chavvi,Varma,Other,3234853.0,Hazaribagh
C02009,Atharv,Baria,F,2002787.0,Navi Mumbai
C01892,Ojasvi,Sankar,male,1339615.0,Vadodara
C03634,Rachana,Din,Male,1972327.0,pondicherry
C00967,Harita,Karan,Female,2750114.0,Mumbai
C04869,Tanish,Khare,Female,1768715.0,Haridwar
C03026,Samarth,Nagy,O,1975672.0,Dibrugarh
C04079,Vedhika,Pai,F,886873.0,Sultan Pur Majra
C00471,Odika,Hari,O,2986142.0,Secunderabad
C01933,Maanav,Setty,female,1148358.0,Bhatpara
C01328,Elijah,Venkatesh,Female,2190072.0,Bhimavaram
C02919,Pushti,Shetty,F,457147.0,Loni
C00698,Gautam,Sha,M,2279032.0,Farrukhabad
C01115,Gaurangi,Dash,O,1725454.0,Ongole
C03368,Anika,Saraf,Female,2398718.0,Shahjahanpur
C03818,Yagnesh,Morar,female,303475.0,Ghaziabad
C02381,Vrinda,Palla,F,2603530.0,anantapuram
C00579,Omaja,Natarajan,female,2770741.0,Anantapur
C02046,Vanya,Bhardwaj,male,2948579.0,Adoni
C00727,Damyanti,Dhar,O,2067317.0,Miryalaguda
C00748,Jagdish,Andra,O,438848.0,Karawal Nagar
C02020,Nitesh,Pillay,female,2699149.0,Karimnagar
C01376,Amrita,Shah,male,3010382.0,Dhule
C02271,Girindra,Luthra,Other,3385006.0,
C00132,Oviya,Murty,Other,,ajmer
C03846,Dhruv,Bawa,female,1153351.0,Dhule
C02778,Robert,Kurian,Other,3343773.0,Sri Ganganagar
C04470,Chavvi,Mammen,female,2345021.0,howrah
C04062,Jason,Behl,Other,2751526.0,Sangli-Miraj & Kupwad
C03450,Sudiksha,Chandra,M,2252005.0,parbhani
C01558,Oviya,Bora,F,946586.0,Medininagar
C00946,Noah,Das,Other,2143052.0,Durg
C04197,Lavanya,Mohanty,male,2130268.0,Panipat
C02276,Mekhala,Bassi,male,1749997.0,Bihar Sharif
C02070,Jeet,Kumer,,1684549.0,Aizawl
C01054,Avni,Yohannan,male,1072709.0,ALIGARH
C02308,Owen,Sharaf,Female,540808.0,rourkela
C01102,Lipika,Rajagopal,Male,695544.0,Mango
C01517,Dalaja,Lanka,O,388531.0,Barasat
C03960,Maya,Badal,male,1322053.0,Rampur
C02970,Caleb,Nanda,O,1252379.0,Sirsa
C01334,Wridesh,Aurora,male,1872358.0,Moradabad
C03726,Harsh,Madan,O,1545521.0,Korba
C03371,Krishna,Desai,M,2425618.0,asansol
C01923,Alka,Sodhi,male,2758621.0,adoni
C00124,Zaid,Mangal,male,741156.0,Chandigarh
C00900,Bishakha,Kunda,F,387207.0,Delhi
C01694,Panini,Balasubramanian,Female,1615878.0,Gurgaon
C04438,Udarsh,Jha,,494813.0,Ghaziabad
C04762,Wriddhish,Shenoy,F,3388526.0,Noida
C03484,Warhi,Dhar,male,1226991.0,bettiah
C00315,Reva,Sha,Male,2116435.0,Shivpuri
C04821,Krish,Toor,Female,511388.0,Tirupati
C02971,Divya,Parmar,F,2854833.0,Noida
C00087,Ansh,Thakur,female,2037429.0,Vellore
C00213,Anita,Chada,Female,1065352.0,Warangal
C01056,Gavin,Ratta,M,2200023.0,
C02820,Hardik,Khare,male,1206688.0,Bangalore
C02207,Chakradhar,Guha,male,2328360.0,Ghaziabad
C02391,Bakhshi,Pradhan,male,758270.0,Shimla
C01157,Yash,Ratti,female,,Madurai
C03616,Advay,Nayar,Female,1539082.0,Bidhannagar
C03432,Alexander,Gole,female,3418598.0,Chittoor
C00927,Dayamai,Mander,O,1781098.0,Kota
C02189,Nisha,Nagy,female,2612877.0,Bhiwandi
C01200,Bhavika,Merchant,O,,Kharagpur
C01271,Vasatika,Batta,F,1287947.0,AGARTALA
C01252,Yash,Sidhu,Other,1170499.0,Bharatpur
C04458,Gautami,Bhatt,female,1514620.0,ludhiana
C03806,Tarak,Batra,M,813641.0,Tirunelveli
C00522,Azaan,Deol,Female,,Rajpur Sonarpur
C01447,Tarak,Oommen,Male,2550130.0,Hazaribagh
C01041,Pallavi,Kota,M,1308788.0,Latur
C00818,Andrew,Dubey,Male,2602902.0,narasaraopet
C02786,Chameli,Chakrabarti,M,3364283.0,Bulandshahr
C03825,Yash,Bobal,F,3014500.0,Medininagar
C00294,Upma,Bajwa,Female,3229090.0,Avadi
C04937,Vamakshi,Singhal,male,2669000.0,Sikar
C01774,Jhalak,Tiwari,Male,1862615.0,Karimnagar
C02405,Jyoti,Jani,Female,1073642.0,Rourkela
C03271,Madhavi,Joshi,Other,2852484.0,Ongole
C02563,Sai,Natt,Male,1068458.0,
C01105,Qadim,Divan,Female,2388458.0,Bilaspur
C02726,Reva,Patil,O,2373149.0,bardhaman
C00694,Shaurya,Toor,M,3259753.0,Gandhidham
C01828,David,Seshadri,M,3276375.0,NARASARAOPET
C00906,Neel,Sehgal,female,589585.0,Khammam
C02078,Darpan,Chakraborty,F,661901.0,Darbhanga
C04505,Krishna,Barman,F,,Kota
C03582,Watika,Sachdev,Male,1270930.0,Pimpri-Chinchwad
C01579,Aayush,Pradhan,male,663932.0,Kadapa
C01620,Andrew,Narula,Male,417339.0,Malda
C04960,Aarush,Amble,F,1891217.0,Fatehpur
C01743,Amara,Mander,male,1736703.0,bulandshahr
C02688,Kala,Date,Male,2590421.0,AVADI
C00872,Bina,Choudhury,F,3029698.0,aligarh
C01069,Manthan,Suresh,Female,591479.0,chandigarh
C01640,Yochana,Kurian,Female,3114701.0,Gandhinagar
C00934,Harini,Sule,female,1977884.0,Parbhani
C02525,Daksha,Sandhu,male,934205.0,Kumbakonam
C04076,Jagdish,Bansal,male,1734805.0,Thanjavur
C03725,Sachi,Kala,F,410770.0,Mira-Bhayandar
C00578,Atharv,Guha,female,2512180.0,Dindigul
C01163,Dalbir,Agarwal,male,3126481.0,Sasaram
C02364,Samaksh,Naik,male,3269013.0,sagar
C02321,Jhalak,Bera,female,1742233.0,dehri
C03216,Akshay,Choudhry,,355963.0,KATIHAR
C01762,Lila,Ghosh,Other,2525878.0,Etawah
C03258,Karan,Issac,F,2359709.0,Raebareli
C00445,Jhalak,Chakraborty,Male,2998765.0,Kulti
C04269,Veda,Om,O,3208585.0,
C04684,Abha,Chhabra,male,1162965.0,RAMAGUNDAM
C04178,Kiaan,Murthy,O,3317771.0,Ozhukarai
C00489,Sudiksha,Mishra,M,2007937.0,Dhanbad
C04089,Vasatika,Reddy,male,539142.0,Thoothukudi
C04208,Chavvi,Palan,male,1292486.0,Kollam
C02349,Arya,D’Alia,female,1277036.0,Vijayanagaram
C02411,Ekavir,Bali,M,1916435.0,
C04324,Abdul,Sodhi,female,760588.0,ambala
C01734,Vedhika,Suri,female,3468227.0,bettiah
C03538,Kala,Bhatia,Female,995219.0,FARRUKHABAD
C02312,Aahana,Gade,Male,536039.0,Sri Ganganagar
C01904,Veda,Sunder,female,1717468.0,Coimbatore
C03615,Saksham,Misra,female,3072519.0,Aizawl
C03235,Siddharth,Palla,Other,2323592.0,Asansol
C01001,Nitara,Bajwa,female,782167.0,ALIGARH
C03669,Ranveer,Sant,Other,2448198.0,Ludhiana
C04768,Gunbir,Agate,male,3372537.0,Burhanpur
C02386,Tristan,Khanna,female,1339144.0,Thiruvananthapuram
C00567,Ronith,Sami,male,2154340.0,HAJIPUR
C03575,Neelima,Lanka,male,954863.0,JORHAT
C04174,Sai,Das,female,1945897.0,
C04822,Samarth,Dey,F,1971150.0,Nizamabad
C02510,Priya,Padmanabhan,female,3318696.0,Phagwara
C01147,Zehaan,Chauhan,female,2467161.0,Fatehpur
C01422,Harinakshi,Buch,Other,1593662.0,jamnagar
C04355,Hitesh,Bhakta,Female,3121642.0,Aligarh
C00806,Sanya,Dar,male,1634238.0,Kirari Suleman Nagar
C02294,Falguni,Ghose,F,1770722.0,Bhatpara
C02164,Ira,Narula,Female,706470.0,Madanapalle
C03457,Daksh,Bandi,male,2593381.0,Cuttack
C03690,Krishna,Madan,M,3081971.0,Jhansi
C02694,Radhika,Virk,O,3021707.0,Hospet
C03902,Pavani,Jhaveri,O,1969544.0,JALANDHAR
C04331,Pranav,Singhal,O,1563283.0,Ratlam
C02115,Tarak,Prashad,Female,1708755.0,Belgaum
C00258,Rajeshri,Mallick,M,,Sasaram
C00826,Jeet,Badami,female,485640.0,Karimnagar
C04313,Avni,Narayanan,Female,2645265.0,bathinda
C03509,Ayush,Sharaf,male,,Gopalpur
C01706,Harrison,Parmar,Female,3397471.0,Siliguri
C01581,Jeet,Shan,Female,3195268.0,Arrah
C02217,Gaurika,Kala,male,2589317.0,Unnao
C00383,Leela,Sunder,Male,,Narasaraopet
C02280,Yamini,Nayak,Other,2428139.0,Shivpuri
C04583,Libni,Patla,M,1739209.0,BAREILLY
C01067,Tristan,Rege,Male,886125.0,Kozhikode
C02235,Liam,Brahmbhatt,Female,2275344.0,BARANAGAR
C03021,Arya,Acharya,Other,1049062.0,Gopalpur
C01576,Abeer,Bir,male,,Gandhidham
C03350,Peter,Sathe,male,1916825.0,Rohtak
C02910,Gautam,Boase,Male,3389084.0,Rajpur Sonarpur
C04004,Ekanta,Kapadia,male,367627.0,Pune
C01964,Upkaar,Wali,O,884142.0,Kadapa
C00015,Ishwar,Dayal,female,2662685.0,Ambala
C00683,Ikshita,D’Alia,male,1700391.0,PANIPAT
C03954,Samar,Agarwal,Other,553431.0,Deoghar
C01562,Odika,Goyal,F,2882551.0,Thane
C03429,Priya,Baral,,2214190.0,Howrah
C04460,Chaman,Sangha,female,2058771.0,
C03332,Zaid,Cheema,Other,3165792.0,Munger
C00841,Tanveer,Sundaram,M,1827362.0,DEHRI
C04847,Yagnesh,Baria,O,,AMRITSAR
C02209,Chaaya,Iyengar,F,3368771.0,Kharagpur
C04384,Sara,Sathe,Other,3339046.0,Etawah
C04672,Raghav,Khanna,Female,559097.0,Mango
C00367,Radha,Sura,O,2771625.0,latur
C01389,Krishna,Chhabra,Male,915705.0,Shimla
C00607,Inaya,Borah,F,1633258.0,Panihati
C01103,Pranit,Ramachandran,,,Kulti
C00303,Dalaja,Parikh,Other,2562176.0,Kakinada
C00397,Lila,Thakkar,male,1700128.0,Chinsurah
C03261,Nathaniel,Mann,Other,2395115.0,Guntakal
C02109,Neha,Pau,Female,3108581.0,Junagadh
C03528,Leena,Chaudry,Male,2823258.0,Dewas
C00618,Nilima,Kumer,Female,1063073.0,Rohtak
C00989,Raksha,Yohannan,Female,2767747.0,Chinsurah
C02487,Praneel,Ganesh,female,3488485.0,Ambarnath
C02295,Yashoda,Wable,female,2447418.0,Jabalpur
C04527,Yachana,Varty,Female,2311189.0,South Dumdum
C03198,Kala,Baria,O,3121855.0,Madhyamgram
C03186,Bhavika,Narasimhan,F,2143793.0,Sirsa
C04735,Ekalinga,Parekh,male,3318100.0,
C04910,Hamsini,Kala,O,737628.0,Gurgaon
C03801,Nicholas,Shere,Male,2078178.0,bhiwandi
C03890,Manya,Chowdhury,male,850080.0,Guntur
C00221,Pallavi,Verma,Male,1937632.0,Hyderabad
C01749,Maanas,Balan,F,560463.0,Cuttack
C01091,Finn,Dyal,M,1464543.0,Dharmavaram
C03243,Dhriti,Hans,M,1184912.0,BERHAMPORE
C03705,Chasmum,Kari,Female,897144.0,Rampur
C04017,Mason,Lall,Other,2336716.0,Tumkur
C04066,Gautami,Aurora,Female,2107387.0,BURHANPUR
C04214,Vasatika,Dani,Male,2254554.0,dewas
C03126,Anay,Upadhyay,female,1911082.0,HYDERABAD
C04359,Jasmit,Mishra,Male,3270289.0,Maheshtala
C02580,Saumya,Lanka,Male,1972626.0,Hyderabad
C01018,Bhavini,Barad,female,1724092.0,Fatehpur
C01979,Gauri,Ramesh,O,3283366.0,Salem
C00262,Kamala,Borra,Female,1169530.0,JAMNAGAR
C04371,Warda,Natarajan,F,3067468.0,Ozhukarai
C02397,Odika,Kalita,male,2885996.0,BHAGALPUR
C01619,Siddharth,Khatri,F,1113846.0,Bardhaman
C04720,Arin,Sidhu,M,3105367.0,ahmednagar
C03393,Lucky,Wagle,Female,2674366.0,Satara
C01262,Azad,Choudhry,Other,1044456.0,Bhimavaram
C00161,Balendra,Nagar,F,2533453.0,Suryapet
C03784,Watika,Ghosh,Other,2078937.0,Suryapet
C02414,Bhavya,Ghose,Female,1820570.0,Karawal Nagar
C01594,Ethan,Lall,female,880698.0,Sasaram
C03052,Vihaan,Mani,Other,2247662.0,Bangalore
C01124,Chandani,Gola,M,3365915.0,Davanagere
C00291,Zayan,Nagarajan,Female,1714549.0,Bhatpara
C03474,Peter,Chahal,female,3389983.0,THRISSUR
C04759,Jalsa,Gupta,Female,1914833.0,Machilipatnam
C01987,Hiral,Dara,male,663119.0,Jehanabad
C02911,Vincent,Ravi,male,1304905.0,Moradabad
C01669,Mason,Jani,Male,1587457.0,DANAPUR
C02089,Yashvi,Dutt,Female,3474009.0,TIRUCHIRAPPALLI
C04800,Veda,Mandal,F,3347079.0,Vadodara
C00348,Ekaraj,Kale,F,1721055.0,ballia
C01512,Madhavi,Gade,Other,3041734.0,Tadepalligudem
C04962,Orinder,Sandal,male,2280052.0,Yamunanagar
C02946,Harita,Garg,male,3341809.0,berhampore
C00874,Frado,Lanka,M,3077637.0,Machilipatnam
C03196,Charan,Sarin,male,1156339.0,Vellore
C01283,Abhimanyu,Nadkarni,Female,1247918.0,Warangal
C03463,Kabir,Patla,O,2883273.0,Jamalpur
C01281,Sudiksha,Saini,female,1630665.0,KOLHAPUR
C04310,David,Mangat,Female,817652.0,Sirsa
C03521,Lipika,Chaudhry,M,1775008.0,MANGALORE
C04167,Balvan,Rao,Female,2967835.0,
C01416,Michael,Pillai,Other,1632958.0,
C01943,Lakshit,Munshi,male,1655095.0,haldia
C02051,Rishi,Agrawal,male,1944762.0,tezpur
C02547,Kiaan,Maharaj,F,1763251.0,Bhilwara
C00483,Anita,Chokshi,female,,Durg
C04024,Saanvi,Kalita,F,3083413.0,PANIPAT
C02530,Krisha,Raju,Other,642113.0,KAVALI
C00130,Rajata,Rattan,female,3081154.0,Raichur
C00986,Yashodhara,Das,male,608332.0,durg
C04798,Amruta,Sridhar,,684577.0,bhusawal
C02419,Warhi,Sood,F,,Gandhinagar
C00271,Lavanya,Lata,Male,2920784.0,Shimla
C03487,Yashodhara,Sood,O,2107699.0,Rewa
C02702,Ayushman,Bhatt,Other,968354.0,Khandwa
C04007,Ayaan,Peri,female,798613.0,Nangloi Jat
C03514,Fiyaz,Prashad,M,2349728.0,Vadodara
C01557,Samaksh,Sathe,F,843686.0,BELGAUM
C00891,Umang,Setty,Female,3419855.0,Shimoga
C02833,Yauvani,Mammen,Male,3252607.0,PANIPAT
C00081,Tara,Narasimhan,Male,1716245.0,PALI
C01960,Hitesh,Prashad,male,1138046.0,Jalandhar
C04306,Hamsini,Atwal,male,1515814.0,Gulbarga
C03394,Manthan,Kar,O,2498555.0,srikakulam
C04967,Ikbal,Prabhu,Female,460421.0,Howrah
C04265,Harsh,Nagy,M,2872009.0,Rourkela
C00721,Vrinda,Agrawal,M,3442148.0,AIZAWL
C01721,Jackson,Banerjee,,2420080.0,Thanjavur
C00422,Devika,Sundaram,,416406.0,Junagadh
C03915,Jason,Shukla,,720508.0,Bhilai
C02039,Samesh,Barad,female,3079764.0,Mathura
C04802,Krisha,Arora,Male,615729.0,TIRUPPUR
C00668,Aadhya,Shroff,O,374551.0,Bhiwani
C03776,Samaksh,Garde,M,2797012.0,Jalna
C00424,Benjamin,Guha,O,2945230.0,Dhule
C04519,Barkha,Ramanathan,M,383765.0,
C00670,Raghav,Sant,F,3065879.0,Haridwar
C01570,Wriddhish,Dara,Other,3488968.0,
C02964,Mitali,Sinha,F,2940821.0,Surendranagar Dudhrej
C01159,Raksha,Baral,O,2723658.0,Hajipur
C02588,Pratyush,Sahni,female,2842677.0,Siwan
C00686,Tanvi,Balakrishnan,M,2722221.0,Bhopal
C03630,Tanay,Madan,Other,671804.0,Bellary
C02552,Wazir,Manda,Male,2046552.0,Bhavnagar
C04109,Chaitaly,Madan,O,2264071.0,Gulbarga
C00494,Nimrat,Tara,Other,2406022.0,Patiala
C04882,Aryan,Roy,M,333573.0,Katihar
C02722,Manya,Loyal,O,1802722.0,Malda
C00340,Hredhaan,Mistry,O,,Tadepalligudem
C04631,Baljiwan,Mahajan,Other,894257.0,Bhind
C03793,Vedant,Sinha,Other,3217447.0,Karimnagar
C02943,Jeevika,Warrior,female,2195677.0,Gwalior
C02799,Kashvi,Chada,F,2532737.0,Aurangabad
C01793,Sudiksha,Chadha,O,1145269.0,Moradabad
C02904,Gavin,Magar,male,3137959.0,Pondicherry
C03597,Priya,Patla,Other,1347385.0,Noida
C04567,Balvan,Gupta,O,2363249.0,Karimnagar
C04204,Deepa,Grewal,male,626745.0,Nashik
C03860,Oviya,Raman,Female,1803317.0,Bihar Sharif
C04561,Vinaya,Dalal,Other,2834687.0,Haldia
C03375,Ayush,Kamdar,O,932125.0,Kollam
C01284,Veer,Bhat,female,2175449.0,sagar
C03476,Vasatika,Batta,female,993738.0,Dhule
C04288,Chavvi,Chandra,female,2156517.0,Sirsa
C04890,Pranav,Bhakta,Other,1723741.0,ALIGARH
C04472,Jyoti,Dayal,Female,880522.0,Vijayawada
C01881,Frado,Sahota,Male,1101117.0,Satna
C01542,Peter,Sood,Male,3119601.0,DAVANAGERE
C01297,Charles,Chowdhury,male,594357.0,Aligarh
C02739,Leena,Shenoy,F,346149.0,
C02659,Rajeshri,Dar,Female,2607689.0,Gorakhpur
C02296,Manya,Lala,Male,3006215.0,
C01908,Nandini,Naik,Female,3383300.0,Pudukkottai
C00241,Ayush,Sarma,male,982950.0,Ujjain
C00659,Lipika,Lad,M,382519.0,Nizamabad
C02352,Ekiya,Dayal,M,1128278.0,Srikakulam
C00504,Widisha,Yadav,F,2426204.0,Kochi
C01456,Geetika,Karan,M,783474.0,Surendranagar Dudhrej
C02822,Chandran,Gade,O,3464908.0,
C02538,Hemang,Dey,Female,1141774.0,patna
C02941,Yasti,Baral,,398075.0,PRODDATUR
C04989,Vivaan,Bhatnagar,Female,2124441.0,Motihari
C04282,Mohammed,Korpal,Male,2680057.0,Ahmedabad
C02435,Luke,Lal,Male,975362.0,Bidar
C04622,Lavanya,Parikh,F,360991.0,yamunanagar
C01092,Idika,Bath,female,1776261.0,Dhule
C03314,Kalpit,Acharya,F,3176328.0,Tumkur
C02111,Jalsa,Boase,female,1571502.0,Mangalore
C03946,Leena,Sagar,Female,2060548.0,
C02815,Shivani,Bhalla,Other,914931.0,bhatpara
C00442,Samuel,Thakur,M,3397516.0,Ahmedabad
C03907,Yashodhara,Srinivasan,Other,1440477.0,Surat
C03230,Chandani,Brahmbhatt,Other,483131.0,Ichalkaranji
C02840,Yashvi,Tandon,Male,1994942.0,Bhubaneswar
C02442,Gautam,Mistry,O,893232.0,THIRUVANANTHAPURAM
C02013,Balvan,Bal,Male,346080.0,Ozhukarai
C03111,Eesha,Rana,Male,1270492.0,Bijapur
C03162,Bishakha,Purohit,Other,1007115.0,
C00416,Lopa,Sarraf,O,803456.0,Bhimavaram
C01291,Maya,Nath,F,1001195.0,Haridwar
C01638,Chatresh,D’Alia,M,2729137.0,Gaya
C02756,Saanvi,Kalita,O,2542983.0,Alwar
C01649,Widisha,Bansal,O,487273.0,malegaon
C02327,Kala,Sekhon,Male,535360.0,Gorakhpur
C00057,Jack,Setty,F,1299069.0,Buxar
C01313,Nihal,Zacharia,O,,Noida
C00127,Mohini,Menon,F,2518976.0,Bathinda
C01109,Qabil,Srinivas,O,2677679.0,asansol
C02384,Bhavya,Khurana,M,2577885.0,NAIHATI
C02061,Unnati,Nagarajan,male,2545733.0,Ajmer
C02787,Ayaan,Sharma,,2083665.0,Kalyan-Dombivli
C01226,Zarna,Shere,female,1606724.0,Delhi
C02717,Abha,Saha,Male,407856.0,Thiruvananthapuram
C04059,Agastya,Kannan,F,1572940.0,Pali
C04663,Pranav,Sibal,male,1704234.0,Amritsar
C01969,Ojasvi,Naidu,F,365775.0,Howrah
C01596,Ekanta,Goswami,Other,331303.0,Korba
C01612,Robert,Chahal,M,1611249.0,Thrissur
C02007,Lucky,Oommen,female,,Raipur
C04244,Mugdha,Goswami,male,3150654.0,Bharatpur
C01101,Ekantika,Savant,,2472676.0,Motihari
C01312,Hardik,Halder,F,2523700.0,Uluberia
C01567,Arunima,Goel,O,1039689.0,Bangalore
C04030,Zilmil,Kurian,M,2879315.0,Sambalpur
C03036,Rayaan,Atwal,O,824629.0,Kurnool
C01213,Azaan,Doctor,F,672292.0,Katni
C01578,Widisha,Gopal,M,1971091.0,Kolhapur
C04252,Gopal,Batta,Male,1208492.0,Dindigul
C02759,Lopa,Mutti,Female,3373110.0,BEGUSARAI
C03942,Zaitra,Saha,F,3444858.0,Ramgarh
C01848,Vasatika,Hora,,1586139.0,Unnao
C00480,Faqid,Bali,female,2569837.0,Mirzapur
C03206,Neel,Nagy,female,412107.0,serampore
C04031,Triveni,Karan,Male,1560996.0,Navi Mumbai
C02554,Panini,Mani,F,772506.0,Serampore
C03535,Idika,Ahuja,F,1901794.0,Bally
C00044,Caleb,Purohit,male,2133456.0,maheshtala
C00852,Advika,Mahajan,Other,1056438.0,
C03410,Simon,Ganguly,Female,870727.0,Dewas
C01431,Balhaar,Kapoor,Male,,imphal
C00028,Xavier,Purohit,Other,1263850.0,SURYAPET
C03189,Saksham,Kade,F,1536459.0,Ozhukarai
C03452,Girik,Singh,male,1347663.0,Maheshtala
C04848,Amrita,Singh,F,2984137.0,Madhyamgram
C02665,Quincy,Mangat,M,870608.0,Orai
C00056,Jasmit,Zacharia,M,3321299.0,
C03991,Saumya,Lad,F,,Tiruppur
C02983,Vincent,Bhasin,female,1824577.0,Hazaribagh
C01926,Falak,Bhagat,female,3483063.0,Ballia
C04975,Yug,Narula,male,1438549.0,
C03262,Nandini,Mane,female,,Panchkula
C04160,Rudra,Shenoy,Other,1012454.0,Bhopal
C00639,Ekiya,Kala,M,912390.0,Lucknow
C00882,Yashasvi,Chhabra,Other,3259771.0,miryalaguda
C03084,Ayush,Behl,female,702522.0,Ratlam
C03944,Mohini,Shah,Male,2361992.0,KATNI
C00143,Abhiram,Gara,male,3040230.0,
C04431,Banjeet,Roy,O,1915909.0,Pimpri-Chinchwad
C04114,Gautami,Zachariah,Male,358233.0,Munger
C03945,Abha,Arya,O,3295419.0,alwar
C01604,Kashish,Rastogi,female,1254641.0,Vasai-Virar
C02909,Damini,Chander,O,2365340.0,Kavali
C01072,Vasudha,Prabhu,Male,2221479.0,Jamnagar
C00021,Dayamai,Choudhry,Other,2539144.0,Cuttack
C02244,Harshil,Grewal,Female,628483.0,Kota
C00624,Kalpit,Doshi,Other,1472737.0,Aurangabad
C02055,Hardik,Goyal,Female,2001821.0,
C02937,Keya,Koshy,male,2171752.0,Hapur
C02478,Yatin,Ghosh,Male,2901184.0,
C03373,Netra,Khanna,Other,1541380.0,North Dumdum
C04067,Tanveer,Khatri,Male,2757891.0,sirsa
C02245,Gavin,Sahota,Male,1908820.0,Amritsar
C04982,Ojas,Chokshi,O,3455120.0,Rajkot
C00225,Ekaja,Butala,male,862767.0,Bihar Sharif
C03146,Tejas,Handa,Male,3338755.0,Kadapa
C02835,Qarin,Ramachandran,F,1901912.0,Katihar
C02825,Lila,Rama,O,3207801.0,Kottayam
C00623,Ethan,Wali,O,3148562.0,Jehanabad
C04978,Upma,Wali,,3259168.0,JAMNAGAR
C02635,Hiral,Basak,Other,2008559.0,bhind
C01491,Abeer,Thaker,Other,1658797.0,
C04552,Madhavi,Srinivas,male,2869127.0,Tenali
C01208,Madhavi,Modi,F,2040083.0,Bhavnagar
C02329,Bina,Rau,male,3391159.0,Madanapalle
C01568,Isaac,Bal,female,1347004.0,MANGO
C04980,Omkaar,Manda,Female,2803888.0,Belgaum
C00951,Ishani,Sinha,M,401736.0,NELLORE
C01550,Warda,Amble,female,2242952.0,Srikakulam
C00283,Lipika,Wali,O,1678159.0,Jhansi
C02067,Ekantika,Shetty,Female,2223145.0,Unnao
C01643,Madhavi,Rastogi,O,2615917.0,Anand
C00945,Shravya,Ben,M,2160415.0,Mirzapur
C01435,Inaya,Garde,male,1877439.0,Bhiwani
C04993,Manthan,Saxena,F,1680908.0,Ramgarh
C00209,Rayaan,Bhagat,O,377362.0,Srikakulam
C03618,Upadhriti,Mishra,female,892209.0,Thoothukudi
C01849,Bahadurjit,Edwin,Male,3118378.0,BHARATPUR
C03731,Jeevika,Kamdar,Male,3110671.0,Mehsana
C03591,Upasna,Puri,Other,1598211.0,Mau
C04156,Vyanjana,Madan,Female,1103958.0,
C03525,Jagrati,Murthy,male,500477.0,Anantapuram
C04027,Anay,Bir,female,637249.0,Nagaon
C00653,Yahvi,Nigam,Male,,Bally
C01057,Ansh,Upadhyay,male,1127682.0,Chennai
C03234,Ekansh,Hari,F,3414219.0,Chinsurah
C02898,George,Parsa,Male,3225911.0,Satna
C03418,Rachita,Chaudhary,Other,3344068.0,Kadapa
C04011,Tamanna,Tata,male,368868.0,Guwahati
C00226,Harita,Bera,Female,,Indore
C02856,Nilima,Wable,Other,314153.0,Siliguri
C02262,Victor,Ghosh,M,1836053.0,Bhiwandi
C04068,Hema,Pandit,Other,1688189.0,Guwahati
C03050,Chasmum,Gandhi,O,3198805.0,Bhopal
C04216,Jason,Arora,Female,3220984.0,Amritsar
C01626,Chakradev,Chaudry,Female,1552451.0,Kurnool
C04444,Chaitaly,Mangal,O,3260400.0,Madurai
C03357,Chaitanya,Chaudhari,Female,2826615.0,Guwahati
C01182,Ganga,Mohan,O,2838286.0,Bellary
C01973,Rachana,Sabharwal,F,3282080.0,Ongole
C00794,Adweta,Solanki,male,3008790.0,Giridih
C01875,Anya,Brahmbhatt,,1790992.0,Machilipatnam
C03986,Wridesh,Nadkarni,female,2890059.0,HYDERABAD
C02451,Michael,Sandal,Other,3451637.0,Bhusawal
C04963,Sanaya,Khanna,Other,990177.0,Ambarnath
C02378,Rushil,Minhas,M,628428.0,Karaikudi
C04674,George,Babu,Female,302151.0,Mirzapur
C04694,Eta,Bhat,Female,2797233.0,Shivpuri
C03590,Tarak,Rama,female,1770943.0,Aurangabad
C01822,Yatin,Aggarwal,Male,3006166.0,Ambattur
C01530,Nilima,Nigam,F,2177146.0,KHAMMAM
C01452,Darpan,Thaman,Other,873407.0,Ratlam
C03905,Gunbir,Khatri,M,2328825.0,Amritsar
C01854,Harrison,Dugal,female,3407885.0,Rajkot
C02934,Pallavi,Vyas,male,2775765.0,Sultan Pur Majra
C02083,Hredhaan,Natt,male,1363025.0,Faridabad
C01829,Chanchal,Doshi,Female,2064662.0,
C02615,Chandresh,Swamy,F,671787.0,Pimpri-Chinchwad
C04295,Chanakya,Palla,Other,2541002.0,Tinsukia
C00324,Maya,Vohra,female,481332.0,Hapur
C04900,Onveer,Banik,Female,1293196.0,Ghaziabad
C01713,Lopa,Padmanabhan,O,2012721.0,Phagwara
C00697,Tejas,Kakar,female,3195353.0,Gaya
C03777,Varenya,Singhal,,2377119.0,Dewas
C02370,Frederick,Kakar,Other,520141.0,Deoghar
C00376,Bhavika,Vohra,Other,400648.0,
C04908,Gaurav,Muni,Other,2248870.0,Sambhal
C00198,Aarna,Wason,Male,2559553.0,BANGALORE
C04780,Balendra,Ratta,Female,3116126.0,Tadipatri
C02129,Samesh,Dixit,O,2333339.0,Bijapur
C01712,Saksham,Sura,Male,1019439.0,Erode
C04495,Triveni,Sawhney,Other,1776696.0,fatehpur
C02098,Xiti,Bobal,Other,1705794.0,SULTAN PUR MAJRA
C02976,Laban,Krish,F,945772.0,Warangal
C03285,Farhan,Badami,Male,1495890.0,nangloi jat
C02641,Hardik,Devan,female,2389840.0,Machilipatnam
C02628,Charan,Deshpande,M,2232842.0,Shahjahanpur
C00189,David,Rajan,Male,2475561.0,jalandhar
C00793,Dakshesh,Sarin,female,3137462.0,Dibrugarh
C04855,Yashoda,Shan,Male,1006739.0,darbhanga
C00100,George,Kapadia,Male,589756.0,Madanapalle
C02620,Jack,Subramaniam,,1688858.0,Bidhannagar
C02181,Kashish,Gour,male,1678278.0,Ichalkaranji
C00606,Henry,Seshadri,male,2153507.0,Tiruvottiyur
C04152,Mitesh,Pai,O,3376854.0,
C01696,Priya,Arora,female,2649614.0,Bhiwandi
C03785,Anjali,Shankar,male,2514400.0,Pudukkottai
C02491,Harini,Vig,male,1090320.0,Junagadh
C00617,Ati,Bhatia,F,1290612.0,SRIKAKULAM
C01808,Dalbir,Rout,Male,836339.0,Anantapuram
C04276,Krish,Goswami,male,675001.0,
C01299,Nidhi,Nadig,F,,HAZARIBAGH
C01510,Jeremiah,Khurana,Other,3422437.0,Bahraich
C00920,Eta,Vasa,O,479647.0,Mira-Bhayandar
C03769,Gagan,Doctor,M,2554861.0,Malegaon
C02266,Arunima,Konda,male,3374089.0,Hazaribagh
C01995,Mohammed,Chacko,Other,2859585.0,Chinsurah
C00626,Mugdha,Vig,O,3369330.0,Bhilai
C00638,Chaitaly,Pal,Female,2226333.0,gurgaon
C00214,Matthew,Kohli,,575791.0,Tiruchirappalli
C01212,Rayaan,Toor,F,3390491.0,Ichalkaranji
C04387,Adya,Kara,Male,417276.0,
C01756,Laban,Oza,O,2374458.0,Secunderabad
C02639,Jai,Ranganathan,Male,1800092.0,Khammam
C02010,Naksh,Sinha,Female,,Panipat
C00924,Shivani,Divan,M,962130.0,Jamnagar
C04317,David,Vohra,Other,2390706.0,Ahmedabad
C00761,Chavvi,Krish,Other,2614875.0,Madhyamgram
C02883,Robert,Mukhopadhyay,M,1323649.0,Bardhaman
C02781,Harsh,Iyer,Male,2023256.0,Erode
C03709,Rudra,Kara,Male,2935839.0,Katihar
C03626,Dalbir,Chaudhari,M,930578.0,Kalyan-Dombivli
C04063,Mohini,Mander,male,709629.0,Mirzapur
C02796,Shravya,Patla,O,3418698.0,Purnia
C02826,Mitali,Grover,Male,640056.0,Shimoga
C01034,Kalpit,Sangha,male,1884394.0,Gandhidham
C00312,Kashvi,Ratta,O,1500357.0,Mirzapur
C01257,Oscar,Bakshi,female,1003179.0,Thanjavur
C00798,Lekha,Lanka,F,2097415.0,Guwahati
C03535,Idika,Ahuja,F,1901794.0,Bally
C04999,Advika,Morar,female,1659382.0,rajahmundry
C01239,Balveer,Naidu,Other,2294237.0,ballia
C01806,Pahal,Dayal,O,3393679.0,Gwalior
C00309,Anita,Raj,O,2271705.0,Bhubaneswar
C02339,Daniel,Kuruvilla,male,2438695.0,Bhusawal
C04897,Ayushman,Pai,female,2971639.0,Medininagar
C00675,Zayyan,Patil,Female,2497880.0,Suryapet
C02293,Aditya,Bhat,Other,1552986.0,Sikar
C02314,Devika,Pathak,Other,2828652.0,Indore
C04427,Adweta,Warrior,F,2397973.0,Aurangabad
C02042,Nidhi,Rai,Male,,PANCHKULA
C00455,Timothy,Singhal,F,3015741.0,Sambalpur
C04289,Jyoti,Seshadri,female,1157038.0,bikaner
C04803,Vaishnavi,Kulkarni,F,1137789.0,Kulti
C01181,Simon,Chadha,O,2095067.0,Avadi
C04746,Onveer,Dass,female,3175193.0,Kurnool
C03258,Karan,Issac,F,2359709.0,Raebareli
C04785,Libni,Sethi,Male,1497161.0,Rourkela
C00599,Darpan,Srivastava,female,1230519.0,
C01838,Ekaraj,Tandon,M,859410.0,Erode
C00736,Lucky,Pant,O,976993.0,Ulhasnagar
C02657,Warhi,Rege,Other,1608656.0,Patiala
C04100,Qadim,Khatri,M,,Ambarnath
C03299,Anvi,Varty,Female,1846974.0,TENALI
C02674,Adweta,Ramachandran,Other,3383391.0,Siwan
C02014,Rachit,Narayan,Male,2040779.0,Hyderabad
C00088,Chandresh,Sankaran,Female,3176473.0,Kanpur
C01927,Unnati,Saran,female,1021604.0,Haldia
C04392,Faris,Merchant,O,2920271.0,SONIPAT
C04940,Sanaya,Chakraborty,F,397132.0,ambarnath
C00722,Jeet,Ahuja,O,2632328.0,Bellary
C03548,Hiral,Baral,O,2227035.0,Davanagere
C04102,Balvan,Sabharwal,male,540820.0,Aurangabad
C03541,Champak,Vig,Male,,thane
C03441,Amol,Gade,,406724.0,Darbhanga
C03727,Max,Chopra,M,2295552.0,Vellore
C04199,Dhriti,Ratta,Male,2948409.0,Mumbai
C02748,Anirudh,Chaudhry,Male,866561.0,Sagar
C02671,Arin,Dayal,Female,3399454.0,Meerut
C00160,Triya,Seth,male,2056288.0,Latur
C01824,Bakhshi,Varty,Other,2059783.0,ozhukarai
C02682,Reva,Chopra,male,2572030.0,Kharagpur
C02168,Logan,Sarraf,female,2447637.0,Chandrapur
C04151,Ryan,Brahmbhatt,F,1858584.0,SASARAM
C00252,Garima,Bera,Female,2695173.0,Morbi
C03768,Rachita,Taneja,Female,1896619.0,Kurnool
C04950,Ijaya,Venkatesh,Male,1393138.0,Karaikudi
C01366,Triveni,Chahal,F,2281266.0,Suryapet
C02566,Vritti,Kalla,M,1421552.0,Nellore
C02188,Veer,Kakar,Other,1678415.0,Panchkula
C04328,Eesha,Goel,female,363268.0,Bhimavaram
C04777,Maanav,Palla,Other,367313.0,Saharanpur
C04465,Charita,Kale,Female,3239722.0,nizamabad
C04496,Ekanta,Krish,M,1769099.0,New Delhi
C02804,Balendra,Datta,male,1912680.0,Darbhanga
C00405,Yash,Narula,Male,2175337.0,Dibrugarh
C04380,Widisha,Anand,Male,3216092.0,Mira-Bhayandar
C04653,Ishwar,Bhargava,Other,949487.0,dehri
C04660,Manbir,Pingle,Male,3469498.0,Belgaum
C00496,Samarth,Padmanabhan,M,2706094.0,UDUPI
C02252,Farhan,Mani,F,691508.0,Baranagar
C00498,Dayamai,Rastogi,Male,441191.0,Bhubaneswar
C01665,Guneet,Sarkar,male,2849359.0,Jabalpur
C01871,Maya,Din,M,1672360.0,Eluru
C01652,Aayush,Sanghvi,M,1629351.0,Mysore
C01186,Arjun,Gala,Other,3444607.0,Rajahmundry
C02670,Zayyan,Chopra,Other,1137078.0,Allahabad
C03995,Sathvik,Rao,male,1065978.0,Bhatpara
C03092,Nisha,Bakshi,female,1073569.0,Deoghar
C00845,Nathaniel,Buch,Other,915768.0,guntakal
C04360,Gautam,Tata,O,2155405.0,Solapur
C00744,Amrita,Ray,male,2136865.0,Jamalpur
C02068,Dalbir,Master,O,1063306.0,Kurnool
C00928,Vasudha,Chada,M,2657736.0,Pali
C02584,Siddharth,Arora,M,3422795.0,Nagercoil
C00692,Jairaj,Kar,O,785595.0,Unnao
C01482,Nirja,Prakash,F,1310816.0,ICHALKARANJI
C00705,Chakradhar,Randhawa,Female,673968.0,Maheshtala
C03808,Nathaniel,Master,female,2078473.0,Kadapa
C02120,Pahal,Rege,F,3342642.0,Adoni
C04293,Ijaya,Suri,Male,1317000.0,Nanded
C01925,Warjas,Loyal,male,3432808.0,Siwan
C00992,Laban,Ramanathan,Male,3229113.0,Madanapalle
C00274,Amrita,Salvi,O,2872257.0,Bulandshahr
C00380,Gunbir,Devan,male,2468883.0,Proddatur
C02358,Nakul,Din,F,1900470.0,Ambala
C03935,Ekanta,Mitter,Other,,Darbhanga
C03093,Balendra,Mall,Male,867347.0,BIHAR SHARIF
C02192,Widisha,Yadav,O,2329876.0,Hapur
C02395,Yochana,Nath,Other,1712845.0,Berhampur
C02382,Qadim,Buch,Female,2719390.0,Ramagundam
C04529,Upma,Majumdar,female,1225365.0,KATNI
C03845,Anirudh,Dhawan,O,3404880.0,Arrah
C00183,Wridesh,Maharaj,F,1551940.0,VELLORE
C00663,Avni,Borra,Female,2188811.0,Durg
C00584,Avi,Rout,female,2397103.0,Gwalior
C02878,Samesh,Wali,M,1302579.0,Shimla
C00533,Balendra,Ravi,F,807094.0,Tirupati
C02050,Yachana,Saran,F,2711899.0,Amroha
C03383,Guneet,Yogi,O,2158058.0,Morbi
C02005,Sai,Wali,male,908084.0,Mehsana
C04914,Parth,Pau,Other,2911817.0,Chandigarh
C00064,Indrajit,Baria,Male,1026257.0,Unnao
C04250,Dhriti,Chhabra,male,1097948.0,Kota
C00548,Timothy,Saraf,male,675591.0,Mahbubnagar
C00313,Ethan,Goyal,M,2648167.0,Morena
C00511,Tanveer,Karnik,F,1208147.0,Katihar
C02860,Karan,Hegde,M,1241062.0,Anantapur
C03201,Vihaan,Gulati,Female,680340.0,Singrauli
C02551,Ikshita,Chad,F,2835715.0,
C04842,Aadhya,Krish,O,1114549.0,Ambattur
C02565,Jonathan,Rama,male,2145197.0,RAJKOT
C04722,Jhalak,Sangha,Female,3490401.0,Bathinda
C04744,Ayaan,Biswas,Female,,Kozhikode
C04262,Dakshesh,Chopra,female,649413.0,Karimnagar
C03042,Ekalinga,Sule,O,2668951.0,ballia
C01519,Neel,Bassi,F,,SILIGURI
C02118,Mitali,Singh,F,647034.0,Bilaspur
C02117,Jhalak,Vyas,Other,3077356.0,ANANTAPUR
C04483,Faraj,Choudhry,M,2503343.0,Korba
C01761,Wyatt,Dutta,M,721204.0,Mira-Bhayandar
C01863,Upadhriti,Aggarwal,Female,2248450.0,Shivpuri
C04859,Dalbir,Shenoy,,2211179.0,Deoghar
C04835,Janani,Sankaran,Male,1234224.0,New Delhi
C02195,Aradhana,Brar,,1808105.0,Satna
C02134,Warhi,Brar,female,3033522.0,chinsurah
C03950,Rudra,Chaudry,female,2611853.0,Unnao
C02221,Prisha,Saxena,F,1550579.0,
C02747,Ojas,Kala,Female,2756995.0,khandwa
C02225,Bachittar,Mangat,M,2169384.0,Panchkula
C04686,Jagvi,Savant,Other,1997976.0,Secunderabad
C04271,Mason,Tailor,Female,2722380.0,Kota
C02831,Odika,Anne,Male,1361756.0,Kanpur
C02658,Vincent,Agrawal,M,2169033.0,Ghaziabad
C02443,Arunima,Sule,O,3315027.0,Motihari
C00185,Shaurya,Kala,male,489341.0,Karaikudi
C04621,Vasudha,Pandey,M,2138052.0,Mahbubnagar
C01601,Chaman,Kamdar,,2811066.0,Bellary
C01715,Warjas,Rajagopalan,M,2928169.0,Tezpur
C00051,Odika,Shah,,1526881.0,Gopalpur
C03459,Vinaya,Kamdar,,1148806.0,Tiruchirappalli
C01174,Ayaan,Dhillon,Other,,Navi Mumbai
C00065,Varsha,Borde,Male,1679698.0,Hapur
C02761,Faqid,Madan,Female,1746525.0,Anantapuram
C02695,Bhavini,Banerjee,F,518429.0,Avadi
C02612,Qadim,Gill,Male,2378525.0,Purnia
C03644,Isha,Lal,Male,1832063.0,Durg
C04713,Sai,Bala,Other,990635.0,Bidar
C01483,Pranav,Goswami,male,1820536.0,Ludhiana
C02474,Darsh,Chadha,Female,2872094.0,Narasaraopet
C03333,Upkaar,Desai,O,1216511.0,Srikakulam
C00176,Rudra,Hora,M,1356771.0,Mangalore
C04746,Onveer,Dass,female,3175193.0,Kurnool
C00631,Amaira,Naidu,Male,1031292.0,Asansol
C01830,Abeer,Magar,F,2649457.0,PRODDATUR
C03420,Lakshmi,Pant,F,1013582.0,
C00890,Krish,Misra,F,,Solapur
C04783,Isaiah,Luthra,Male,2384873.0,Bally
C03500,Tristan,Hayer,Other,2049422.0,Mangalore
C02193,Rachit,Bhavsar,O,2063626.0,RANCHI
C01114,Tristan,Warrior,Male,1167858.0,Jehanabad
C02114,Yug,Gala,Male,,Udaipur
C00516,Veda,Trivedi,female,2741003.0,Morbi
C00433,Zashil,Gola,F,1762357.0,Tadipatri
C04964,Aarush,Lad,O,3110227.0,Kadapa
C04817,Yashoda,Kota,O,1794554.0,Mahbubnagar
C03151,Manya,Nadkarni,Other,1392588.0,Thoothukudi
C02103,Jonathan,Vohra,M,2253570.0,Bokaro
C04195,Ikbal,Cheema,O,1878706.0,Hapur
C03627,Krish,Narayanan,Female,2875078.0,Gurgaon
C03382,Ansh,Tella,F,409122.0,Sikar
C04868,Sara,Shukla,Female,,Imphal
C00493,Edhitha,Puri,O,330401.0,Sagar
C02827,Xalak,Sahota,Female,3013695.0,Visakhapatnam
C01952,Rachit,Sinha,Male,1077074.0,Singrauli
C04998,Netra,Chaudhari,Male,3092572.0,Katihar
C04647,Sachi,Mody,,2570269.0,Kochi
C03631,Aarnav,Gill,M,3389058.0,Gangtok
C01565,Janani,Ramaswamy,female,1926272.0,Farrukhabad
C03656,Isha,Jain,,3122488.0,ozhukarai
C00731,Harita,Sampath,F,1270724.0,Dibrugarh
C02902,Rudra,Wagle,female,2913705.0,Pallavaram
C00091,Suhani,Seth,male,2412004.0,Singrauli
C03081,Maya,Barad,female,883117.0,Nagaon
C04695,Bimala,Das,female,2385905.0,Barasat
C03799,Harshil,Issac,Male,2157533.0,Guntur
C01143,Jason,Balakrishnan,Female,2382668.0,Amaravati
C01085,Gabriel,Mody,O,1356089.0,Bikaner
C03516,Krish,Kaul,male,508482.0,
C00052,Radha,Prabhu,Other,1735891.0,Pimpri-Chinchwad
C04791,Jairaj,Varghese,male,2446883.0,Arrah
C02353,Sachi,Mall,F,1230945.0,Proddatur
C02025,William,Peri,female,1703905.0,Howrah
C02071,Wazir,Gera,female,1167625.0,karaikudi
C03511,Vrinda,Ganguly,,948465.0,Sirsa
C02774,Advika,Kashyap,Other,3461106.0,Thiruvananthapuram
C03653,Jyoti,Kuruvilla,Female,2496193.0,Ambala
C04657,Yochana,Mane,female,2132538.0,Coimbatore
C02041,Wishi,Radhakrishnan,,590631.0,VISAKHAPATNAM
C02626,Gautam,Bhardwaj,Male,3156155.0,Sirsa
C00032,Hitesh,Sem,male,2326995.0,JUNAGADH
C03034,Thomas,Raman,Female,1136019.0,HYDERABAD
C03412,Vedika,Kibe,M,,RANCHI
C03315,Liam,Nanda,Other,3422210.0,Bhubaneswar
C02338,Vasana,Pant,M,1091928.0,Raichur
C01264,George,Ramachandran,Other,2081888.0,Rajahmundry
C04115,Parth,Vora,Male,2593525.0,Vellore
C03276,Riya,Prabhu,F,752056.0,JUNAGADH
C03791,Tripti,Sridhar,M,2181482.0,Nangloi Jat
C01175,Ansh,Bath,F,813326.0,gandhinagar
C03408,Udyati,Prabhu,Other,2753220.0,loni
C00685,Harish,Sant,Female,,Giridih
C04388,Dev,Lad,Female,1893075.0,
C01670,Nathaniel,Dugal,Female,797921.0,Srinagar
C03620,Baljiwan,Sharma,female,,Allahabad
C03508,Luke,Jayaraman,female,1195118.0,Jodhpur
C03660,Rishi,Seth,,3229748.0,Salem
C03029,Azaan,Ben,Female,488304.0,Yamunanagar
C00011,Gunbir,Gera,F,2991760.0,ajmer
C04209,Januja,Ghose,M,865313.0,Chennai
C03267,Warinder,Kulkarni,Female,1318238.0,Thane
C03937,Ati,Chand,Male,520406.0,Shahjahanpur
C02512,Damini,Barad,Other,520137.0,Bellary
C03687,Omisha,Garg,male,2164610.0,Howrah
C01753,Azad,Venkataraman,O,2416472.0,Panihati
C00229,Idika,Amble,Female,2832938.0,Bellary
C02655,Noah,Sama,Female,1686055.0,Dindigul
C00515,Dayita,Pradhan,Other,909320.0,Pune
C00431,Shivansh,Goda,female,382901.0,davanagere
C04377,Hritik,Bajwa,O,1078446.0,Durgapur
C03439,Chanchal,Palan,O,1069091.0,udupi
C03858,Guneet,Mand,male,1908238.0,Navi Mumbai
C01136,Kala,Venkatesh,O,3457961.0,Delhi
C00682,Wakeeta,Roy,Other,2180275.0,Patna
C03803,Bahadurjit,Comar,F,,Cuttack
C04412,Jeevika,Agrawal,female,1296586.0,Suryapet
C04825,Saumya,Murthy,female,1347645.0,Rajahmundry
C02731,Meghana,Choudhry,F,993884.0,Bidhannagar
C04033,Veda,Kashyap,female,2129785.0,Lucknow
C02886,Shivani,Nagi,F,3197052.0,Guntur
C00314,Ikbal,Cheema,O,711908.0,KISHANGANJ
C02408,Ikshita,Basak,female,702866.0,PURNIA
C00328,Banjeet,Bhargava,Female,1551896.0,Bharatpur
C03587,Gautami,Goswami,F,1272711.0,Kolkata
C03820,Kai,Thaman,Other,949211.0,Tiruchirappalli
C04315,Nicholas,Dar,female,570079.0,Anantapur
C02091,Yug,Chaudhry,Male,1604789.0,Jaipur
C00776,Nisha,Char,,439439.0,
C03934,Onveer,Gole,Male,2544856.0,Nagaon
C01880,Bachittar,Suresh,male,1219572.0,lucknow
C03095,Fariq,Saraf,Other,637034.0,Vijayawada
C03054,Priya,Raja,Other,2559531.0,Burhanpur
C01834,Dalaja,Vasa,M,534902.0,Sri Ganganagar
C00528,Fariq,Mann,Male,2779054.0,Gaya
C03589,Tarak,Sarraf,F,3198231.0,Raiganj
C03045,Indrajit,Bhat,Other,,Dibrugarh
C04025,William,Majumdar,Other,1038019.0,Bilaspur
C04887,Forum,Nath,female,2281721.0,Mehsana
C04540,Thomas,Palan,female,604637.0,Jamnagar
C03997,Chanchal,Sheth,male,416012.0,Udaipur
C00040,Eesha,Dhar,Other,1491041.0,Surendranagar Dudhrej
C03391,Zehaan,Shanker,O,1136581.0,Latur
C01073,Yadavi,Koshy,M,3156973.0,JAIPUR
C00545,Anika,Dani,Female,1342559.0,Belgaum
C01421,Udant,Dixit,Female,3084963.0,North Dumdum
C04086,Divya,Dhawan,F,,Pondicherry
C00320,Ikbal,Choudhury,Other,2925325.0,Gulbarga
C04739,Rushil,Bassi,Male,663126.0,NAIHATI
C04612,Yochana,Kari,Male,2796286.0,Tadipatri
C01430,Balveer,Rege,female,2362258.0,MALEGAON
C04580,Ganga,Sabharwal,O,3199394.0,Farrukhabad
C00883,Zaitra,Parikh,Female,777143.0,Pudukkottai
C00973,Unnati,Baria,female,2593731.0,Shimla
C03309,Parth,Ravi,,2571797.0,Karaikudi
C03220,Kiaan,Aurora,Male,1013704.0,
C03037,Anmol,Loyal,Male,1314577.0,
C01950,Tarak,Radhakrishnan,Other,3330315.0,HYDERABAD
C02949,Watika,Chander,Other,1739084.0,Warangal
C02279,Unni,Saran,O,575279.0,Asansol
C03294,Frado,Datta,female,2869652.0,Shivpuri
C00588,Unnati,Oak,Female,2068320.0,Ujjain
C00655,Falguni,Bassi,O,2334338.0,Bhubaneswar
C01658,Bhavini,Anand,O,,Raurkela Industrial Township
C00662,Zarna,Sagar,Female,1526724.0,Kozhikode
C03121,Vasana,Luthra,female,2636112.0,THOOTHUKUDI
C04616,Ladli,Nayak,O,,hajipur
C01783,Ekantika,Vora,F,3304510.0,TADEPALLIGUDEM
C03567,Xiti,Suri,Male,2108190.0,srinagar
C01154,Nilima,Bhattacharyya,F,3082975.0,Dharmavaram
C02316,Chaman,Sood,Female,3285127.0,Loni
C02069,Siya,Halder,,467281.0,Pune
C00228,Yashasvi,Magar,female,1469565.0,
C02096,Urvi,Naik,F,2053818.0,Tezpur
C03969,Kabir,Bhatti,Male,2043618.0,Tadipatri
C03339,Ranveer,Bassi,F,2978023.0,
C03510,Timothy,Wadhwa,F,1201585.0,Burhanpur
C03035,Chakrika,Mohanty,M,1203577.0,Gandhidham
C04734,Eshana,Jhaveri,female,2847296.0,Saharsa
C03088,Udyati,Sidhu,Male,3296443.0,
C00184,Oeshi,Brahmbhatt,F,3105388.0,Motihari
C04075,Wishi,Mammen,female,1509007.0,Ranchi
C04473,Oliver,Sathe,M,2723880.0,Agartala
C02737,Bachittar,Dugar,Male,1778265.0,JABALPUR
C02426,Yashodhara,Lall,Female,1303198.0,Berhampur
C03647,Hritik,Aggarwal,female,410929.0,Jorhat
C00551,Ishita,Dara,Female,1483605.0,ANAND
C00279,Parth,Sheth,O,1435205.0,Ichalkaranji
C02817,Gautam,Guha,F,2100649.0,Korba
C02654,Samesh,Kunda,female,619136.0,Guna
C00568,Kala,Dalal,Male,1921881.0,Gandhinagar
C03465,Hamsini,Chadha,M,1411438.0,Rewa
C01468,Yochana,Rajagopalan,male,405405.0,Navi Mumbai
C04009,Jyoti,Bala,Female,1411852.0,Ghaziabad
C02093,Krishna,Gade,Male,3368520.0,Pali
C03415,Anvi,Srinivas,male,1757617.0,Tenali
C00072,Nitara,Kalita,Other,2483973.0,Sultan Pur Majra
C03363,Hredhaan,Saraf,Male,1521495.0,Gwalior
C01639,Indira,Munshi,Female,3316251.0,Siliguri
C03246,Vincent,Rao,,2104967.0,BARANAGAR
C01504,Udarsh,Cheema,Female,420921.0,Panchkula
C04585,Yadavi,Ratta,female,884140.0,Rajpur Sonarpur
C04595,Pavani,Raja,O,2450442.0,Nashik
C01116,Aachal,Bhatnagar,Male,1575328.0,Rewa
C02603,Balveer,Aggarwal,,1456508.0,BIHAR SHARIF
C04990,Vrishti,Guha,F,2075604.0,Surat
C01068,Advaith,Suresh,female,1014350.0,
C03289,Zaid,Khosla,Male,3117308.0,Mehsana
C04270,Ati,Tripathi,Female,420921.0,Nagercoil
C02420,Vasatika,Sahota,F,2635003.0,hyderabad
C01523,Faraj,Kakar,Female,687417.0,JAIPUR
C02138,Samar,Bandi,male,874583.0,Madanapalle
C04556,Chameli,Garde,M,2950017.0,RAJKOT
C00323,Farhan,Pillay,O,1735219.0,Pune
C03156,Darpan,Verma,Other,397178.0,Cuttack
C02079,Rachana,Grover,M,3367919.0,Nanded
C02592,Onveer,Nayar,male,3321616.0,Vasai-Virar
C01209,David,Dey,M,1547434.0,Kharagpur
C02962,Lavanya,Boase,M,3133741.0,Ghaziabad
C01214,Prisha,Saxena,female,2104640.0,Guntakal
C01818,Oviya,More,Other,2107016.0,Varanasi
C04789,Balhaar,Sankar,Other,2527238.0,Kalyan-Dombivli
C01934,Bhavani,Shenoy,female,363067.0,Kochi
C01747,Gagan,Char,female,2407631.0,Thiruvananthapuram
C01606,Quincy,Misra,Female,1318230.0,delhi
C01906,Jeremiah,Cherian,,2903288.0,Tadepalligudem
C01826,Samaksh,Pandya,Female,2522923.0,Rewa
C00084,Gayathri,Behl,Male,3184463.0,Madanapalle
C03097,Zayan,Manne,F,1224314.0,Tadipatri
C01230,Keya,Saraf,O,3277703.0,Tiruppur
C01268,Chameli,Ramesh,F,3205867.0,gaya
C02336,Zarna,Sanghvi,Other,2997974.0,
C04773,Rudra,Narasimhan,F,1026035.0,Hosur
C03893,Eta,Shetty,Male,947013.0,Salem
C00290,Finn,Palla,male,1176236.0,South Dumdum
C02320,Darika,Iyer,male,402951.0,Khammam
C00138,Jagrati,Mammen,Female,1241853.0,MEHSANA
C01004,Kashish,Gopal,Male,1649087.0,PONDICHERRY
C02746,Ekaraj,Kala,Female,,Ambala
C01419,Max,Chadha,female,2428222.0,THOOTHUKUDI
C04233,Fiyaz,Kulkarni,F,2818647.0,
C03949,Fariq,Sahota,female,1264195.0,Saharsa
C01876,Aryan,Bala,male,1057899.0,Sambalpur
C00206,Peter,Buch,O,3193611.0,Kochi
C01340,Wazir,Andra,male,2305262.0,Berhampur
C00306,Zinal,D’Alia,Other,2160400.0,Aurangabad
C01032,Onveer,Bhakta,Other,3050759.0,Amravati
C02885,Alexander,Sengupta,M,1703974.0,Suryapet
C02999,Luke,Bhatti,Female,329171.0,Guntur
C03674,Michael,Sama,Other,1553338.0,Naihati
C04237,Onveer,Kara,female,3134646.0,Davanagere
C04336,Om,Sama,O,2564770.0,Hazaribagh
C04417,Dhriti,Sethi,Other,2049072.0,Chapra
C03578,Ridhi,Kamdar,Other,1282979.0,Orai
C02514,Falan,Srivastava,female,1865844.0,Gopalpur
C04589,Bimala,Muni,Other,528144.0,Panvel
C04323,Teerth,Kakar,female,785640.0,Chinsurah
C00728,Ucchal,Misra,O,3077082.0,BARDHAMAN
C00112,Wyatt,Chana,M,1404201.0,Hubli–Dharwad
C03586,Udarsh,Roy,male,1512238.0,Dibrugarh
C03065,Baghyawati,Prashad,O,1129973.0,MADURAI
C04947,Chasmum,Prasad,Male,1310656.0,
C02991,Sachi,Ram,F,497986.0,SOUTH DUMDUM
C02889,Tripti,Nath,Female,311748.0,Bokaro
C02677,Manan,Dua,,3448800.0,Asansol
C01172,Pranav,Murthy,Female,1499554.0,Dewas
C02798,Balvan,Taneja,Male,,Coimbatore
C04999,Advika,Morar,female,1659382.0,rajahmundry
C00069,Theodore,Balakrishnan,Female,1613450.0,Phusro
C02458,Kiaan,Sabharwal,Female,1006784.0,Singrauli
C02824,Neha,Gour,Other,3298669.0,GURGAON
C01198,Logan,Lad,male,1496963.0,Sangli-Miraj & Kupwad
C00039,Upadhriti,Karpe,M,857270.0,BHARATPUR
C04421,Patrick,Kaur,female,609225.0,Durgapur
C04014,Pahal,Jha,O,526682.0,Silchar
C01020,Bimala,Krishnan,male,,Vadodara
C02494,Neha,Vora,F,3029052.0,Jamshedpur
C04771,Zayyan,Gupta,F,1615834.0,Jehanabad
C02385,Robert,Guha,Female,936216.0,patna
C02577,Shaurya,Narasimhan,female,3087867.0,Bihar Sharif
C03498,Quincy,Chad,Other,1177349.0,Bidhannagar
C04443,Chaitaly,Venkataraman,female,421597.0,Fatehpur
C02546,Januja,Pandit,female,3102721.0,Rohtak
C02814,Pranit,Deshmukh,,449824.0,JALNA
C03491,Riya,Bhardwaj,Female,2536483.0,Cuttack
C03336,Jagdish,Bir,female,2759505.0,Ratlam
C04176,Zilmil,Bali,F,996749.0,Alwar
C03674,Michael,Sama,Other,1553338.0,Naihati
C02602,Garima,Chokshi,M,2772050.0,Purnia
C04543,Qabil,Ganesh,Male,1722864.0,Tiruvottiyur
C03139,Nikita,Goel,M,3184287.0,Amritsar
C03658,Xalak,Merchant,Other,3204793.0,Gwalior
C01941,Leela,Narayanan,male,2612950.0,Ballia
C03077,Yatan,Solanki,F,1650921.0,Bhagalpur
C03833,Ryan,Sagar,female,1337512.0,Bilaspur
C02613,Lila,Kant,M,1069634.0,Gaya
C00633,Baljiwan,Patel,Other,759105.0,Kottayam
C02786,Chameli,Chakrabarti,M,3364283.0,Bulandshahr
C01050,Ikshita,Toor,F,1091064.0,MUNGER
C03228,Sara,Saini,O,3337646.0,Nagaon
C01427,Bina,Bava,male,3176191.0,Dharmavaram
C01259,Yauvani,Kanda,female,884056.0,Dehradun
C03480,Odika,Kumer,O,1991829.0,Karnal
C03200,Girik,Viswanathan,female,1875249.0,Imphal
C01763,Harini,Pillai,M,2152497.0,Kishanganj
C00446,Ekaja,Agate,Male,396582.0,Maheshtala
C03048,Manan,Ram,Female,1426060.0,Burhanpur
C01786,Naveen,Aggarwal,female,2553728.0,Jhansi
C02627,Ishani,Goyal,Female,3497197.0,Moradabad
C01769,Girindra,Shankar,Female,1853521.0,Latur
C04546,Samarth,Ratti,Other,2550796.0,Loni
C03069,Bina,Sodhi,Male,1391254.0,Gudivada
C03970,Vinaya,Upadhyay,O,1239097.0,Tiruchirappalli
C04476,Hemang,Nath,Other,774654.0,Kalyan-Dombivli
C02811,Wridesh,Sibal,O,2474217.0,Howrah
C01455,Nathan,Saini,Other,2281154.0,Hospet
C00410,Tanveer,Bhargava,,1472871.0,Shimoga
C02097,Alexander,Sastry,O,440093.0,panvel
C04181,Darpan,Ravi,Female,3340356.0,Burhanpur
C01267,Rachita,Balay,male,,Mau
C03293,Simon,Bava,F,1316574.0,Aurangabad
C03918,Michael,Yohannan,Female,,Amroha
C04829,Vrinda,Sankaran,,360951.0,Malda
C02202,Kamya,Prabhakar,Male,2827667.0,Raichur
C03707,Gautami,Shah,Male,1922372.0,Tenali
C00374,Balendra,Sur,O,3399590.0,Ongole
C02651,Akshay,Bhattacharyya,Female,1997898.0,Pimpri-Chinchwad
C00398,Lekha,Chaudhuri,Female,1896800.0,Alappuzha
C02928,Vamakshi,Mammen,Other,350725.0,Surendranagar Dudhrej
C04191,Arya,Sem,female,2961802.0,Indore
C04110,Charvi,Solanki,M,2529871.0,PATIALA
C04319,Amruta,Gulati,male,3046849.0,Berhampur
C04880,Jagvi,Taneja,F,2570229.0,Gudivada
C00414,Laksh,Hegde,Female,3239738.0,Faridabad
C02506,Chatresh,Bala,male,2551599.0,Eluru
C04045,Vrinda,Oza,male,3246320.0,rohtak
C02600,Aayush,Srinivas,Other,1062283.0,kalyan-dombivli
C03879,Gabriel,Majumdar,O,3271228.0,dehri
C04327,Oeshi,Rao,O,440356.0,Asansol
C02394,Dalbir,Murthy,male,2125856.0,Kochi
C01234,Nikita,Dani,O,672339.0,berhampore
C02300,Bina,Borde,,1813249.0,Muzaffarnagar
C01176,Omaja,Vaidya,O,2313590.0,Bhubaneswar
C00019,Ishanvi,Ratti,Female,2151427.0,JABALPUR
C04651,Atharv,Shanker,Male,2314225.0,Shahjahanpur
C02586,Advay,Dugal,Other,2171562.0,Aurangabad
C03027,Ekaja,Shenoy,female,2401890.0,Burhanpur
C00745,Ayushman,Devi,Male,1368486.0,proddatur
C00820,Oliver,Vohra,,2008828.0,BIDAR
C04502,Upasna,Ben,O,2113669.0,varanasi
C03256,Diya,Sarin,Male,1633023.0,ICHALKARANJI
C02837,Reva,Nori,male,2488766.0,Mathura
C03405,Vasudha,Divan,F,430525.0,Agra
C00971,Gautam,Datta,M,1821297.0,Nanded
C03738,Hredhaan,Wagle,O,843590.0,Sambalpur
C04268,Christopher,Narayan,M,486340.0,muzaffarpur
C03861,Vasatika,Dhawan,O,1779128.0,Jamalpur
C03897,Onkar,Prabhakar,Other,1423552.0,Jabalpur
C03413,Unni,Walla,Female,664302.0,singrauli
C03714,Zansi,Mandal,M,2007502.0,North Dumdum
C00797,Raksha,Datta,O,1956635.0,Kadapa
C01324,Balhaar,Loyal,male,1851464.0,karaikudi
C01227,Wakeeta,Dash,male,609386.0,Gwalior
C02146,Upkaar,Bhat,Female,1343251.0,Dibrugarh
C02527,Megha,Chawla,O,2983495.0,Kolhapur
C01297,Charles,Chowdhury,male,594357.0,Aligarh
C01030,Divya,Kadakia,Female,1916208.0,Morbi
C01790,Arya,Kata,O,1271517.0,Panipat
C04879,Patrick,Sankar,O,362134.0,South Dumdum
C03082,Jagvi,Mahal,Female,3275858.0,Machilipatnam
C04733,Idika,Basu,Other,610608.0,Aurangabad
C02292,Damyanti,Parsa,Male,1119906.0,Gandhidham
C03184,Jai,Barman,O,2143200.0,Aurangabad
C03284,Vanya,Kota,male,3251970.0,Sagar
C02589,Hamsini,Ramachandran,Female,1855080.0,Jalandhar
C02158,Christopher,Kale,Other,3375692.0,Ozhukarai
C03225,Hemangini,Nayar,male,2858530.0,DAVANAGERE
C04740,Nilima,Sibal,M,1059350.0,PALLAVARAM
C04828,Libni,Manda,male,3327445.0,ajmer
C03322,Prisha,Tella,Female,910226.0,Tirunelveli
C00565,Aarna,Nagar,O,1435127.0,Sangli-Miraj & Kupwad
C01689,Bishakha,Ramaswamy,M,2260554.0,
C03369,Urmi,Narula,Other,851469.0,nangloi jat
C04751,Balhaar,Mishra,O,2118331.0,Saharsa
C03752,Anay,Magar,Female,1776830.0,Bhilai
C00466,Garima,Venkataraman,male,1933996.0,
C04251,Mohini,Varughese,male,1006850.0,Tirupati
C01119,Ridhi,Pai,female,410075.0,Thanjavur
C03295,Varsha,Sha,male,2774070.0,Jalna
C01766,Dhruv,Grover,Other,3172128.0,Vellore
C03113,Advika,Sangha,Female,1663941.0,Imphal
C02165,Udyati,Bala,M,1842619.0,Rajahmundry
C01687,Frederick,Kohli,M,1337098.0,Nizamabad
C03764,Yagnesh,Swamy,F,436101.0,gaya
C04163,Ati,Kala,Female,1284759.0,Siliguri
C03947,Shaurya,Om,male,1620783.0,
C01327,William,Soman,Female,852876.0,Delhi
C01584,Dayita,Taneja,M,2709858.0,Tezpur
C00408,Saksham,Memon,female,400227.0,Amaravati
C03003,Samuel,Sami,O,1566625.0,Pallavaram
C00305,Raghav,Puri,female,3274670.0,Haridwar
C03766,Mahika,Nori,Male,734432.0,Asansol
C02307,Aadi,Mammen,male,3082253.0,Lucknow
C03827,Ishani,Sinha,O,,Arrah
C03570,Harish,Puri,Female,1681303.0,Darbhanga
C02850,Jasmit,Ravel,F,1187172.0,Aurangabad
C02240,Yatin,Raj,male,981461.0,Danapur
C00361,Kashish,Dhingra,male,990542.0,Chennai
C04915,Rayaan,Mander,O,936921.0,Tiruchirappalli
C00517,Bhavya,Jani,Female,2332114.0,hapur
C04723,William,Mitra,Male,2003840.0,Gaya
C02529,Ayaan,Date,male,3244540.0,GANGTOK
C01218,Vansha,Varma,O,1756830.0,Sultan Pur Majra
C03211,Ansh,Seshadri,Other,1612291.0,Imphal
C04340,Bhavika,Parsa,O,1437713.0,Tenali
C01236,Chatura,Verma,Female,1704140.0,Kolhapur
C03102,Qadim,Sampath,male,,kulti
C00849,Omisha,Natt,male,1103829.0,Mangalore
C00935,Balveer,Narayan,Male,2730510.0,Bathinda
C04060,Manbir,Basak,Female,607125.0,Latur
C01496,Advik,Patla,O,2481863.0,jalgaon
C03118,Gauri,Ramachandran,Other,723715.0,Vijayanagaram
C03551,Wishi,Bhardwaj,Male,735118.0,Dindigul
C01882,Vincent,Pall,M,700023.0,Tadipatri
C02094,Kala,Saran,Male,1900958.0,Pallavaram
C00115,Daksh,Kulkarni,male,2673784.0,agra
C01889,Niharika,Mand,Female,1431191.0,Jaipur
C04044,Hredhaan,Bath,female,3067662.0,Latur
C04758,Aishani,Goswami,Female,934847.0,Meerut
C00645,Ria,Suresh,Female,1513509.0,Panipat
C00597,Yasti,Goel,Other,2639878.0,Bathinda
C00001,Inaya,Memon,,401240.0,Bathinda
C04364,Utkarsh,Tank,F,495723.0,Jorhat
C01308,Anika,D’Alia,Male,2391825.0,Gorakhpur
C02847,Chanchal,Gole,F,522132.0,Sri Ganganagar
C04275,Baljiwan,Issac,,320785.0,Tadipatri
C00580,Abhiram,Pandit,F,934098.0,Kumbakonam
C03148,Yatin,Khosla,Other,685566.0,Saharanpur
C00741,Ladli,Jhaveri,F,3026122.0,Srikakulam
C00404,Timothy,Saraf,F,1020887.0,Bhind
C02173,Ronith,Kale,female,335540.0,Karnal
C00071,Maanav,Morar,male,2911477.0,
C04005,Yug,Doshi,O,617689.0,Pallavaram
C02591,Rayaan,Khanna,Other,3424174.0,Ghaziabad
C01285,Vinaya,Krishnamurthy,male,1410696.0,ghaziabad
C04728,Jhalak,Sachdeva,Female,1426909.0,Bardhaman
C03962,Tripti,Ravi,female,846585.0,HAZARIBAGH
C02366,Upma,Bawa,Other,2636736.0,
C00165,Avi,Krish,female,,Mangalore
C04700,Siddharth,Mammen,O,592530.0,Bhatpara
C00863,Chaitaly,Ranganathan,O,683996.0,Gudivada
C00603,Guneet,Mani,F,584623.0,BARANAGAR
C03614,Yashoda,Malhotra,male,1391053.0,
C01058,Chakradhar,Bansal,M,2785903.0,Pune
C02028,Anusha,Sharma,F,657189.0,Jamnagar
C02044,Tarak,Rajagopalan,Male,1532388.0,Tezpur
C03053,Jalsa,Savant,F,3322189.0,Vellore
C02752,Aachal,Varghese,M,531497.0,Noida
C03580,Nihal,Batra,M,3210203.0,Srikakulam
C02337,Diya,Biswas,female,3010605.0,dhanbad
C03013,Ria,Bora,Female,2829111.0,Phagwara
C03404,Anmol,Mahal,F,2689293.0,Adoni
C01837,Ekta,Muni,F,854395.0,Bongaigaon
C02453,Patrick,Subramanian,F,3167494.0,Dhule
C03608,Faraj,Varughese,M,2246884.0,sonipat
C02959,Raghav,Basak,O,2930262.0,Giridih
C04333,Krisha,Naik,male,2661582.0,Aurangabad
C02232,Ekalinga,Sami,Male,3268308.0,Chandrapur
C01833,Yashoda,Ahluwalia,female,2947863.0,Sikar
C02664,Vedhika,Bhandari,F,2595921.0,Phagwara
C02374,Eesha,Chaudhari,male,1292635.0,Indore
C03566,Sathvik,Mallick,female,546287.0,Warangal
C02745,Wishi,Saxena,Female,2698944.0,Eluru
C01814,Laksh,Baria,female,1215663.0,Munger
C01401,Vyanjana,Dixit,Female,959783.0,Aurangabad
C00239,Lakshmi,Das,female,1115758.0,Nagpur
C00121,Pratyush,Devi,female,460286.0,Latur
C00094,Jagvi,Raman,female,2075909.0,Shimla
C01131,Widisha,Rana,female,3256853.0,Rajpur Sonarpur
C00048,Radhika,Pal,F,2848413.0,Amaravati
C01963,Ekiya,Kapur,Other,3360988.0,Jodhpur
C03462,Nidra,Desai,female,408256.0,Bilaspur
C00768,Falak,Deol,male,1165369.0,AJMER
C02719,Rachit,Mohanty,O,447353.0,Kolhapur
C04846,Rajata,Choudhry,O,1261314.0,Firozabad
C04348,Yug,Agate,M,1380505.0,Vijayawada
C01169,Upasna,Koshy,M,609881.0,Thanjavur
C00396,Sathvik,Wali,O,2200099.0,Junagadh
C02608,Gauri,Chaudhry,F,1749650.0,HARIDWAR
C01780,Gautami,Iyer,male,2358422.0,Ramagundam
C00922,Bahadurjit,Ravi,Other,1406366.0,Ghaziabad
C02328,Bhanumati,Naidu,female,2071098.0,Jalna
C04453,Ekaraj,Seth,Female,,MADURAI
C01374,Kala,Menon,Other,1982680.0,Ambala
C02531,Jhalak,Chandra,Female,1208714.0,Varanasi
C04747,Anjali,Sheth,Female,767151.0,Chittoor
C04342,Ojasvi,Sibal,female,1629391.0,Eluru
C02161,Nimrat,Panchal,F,2229384.0,Udaipur
C01294,Kashvi,Sandal,Female,1165544.0,Berhampore
C02301,Harish,Sani,male,2086895.0,Anantapur
C01369,Parth,Sood,Other,2921972.0,Mau
C01223,Tejas,Sarna,O,2419466.0,Anantapuram
C01728,Aashi,Nagarajan,Other,2348864.0,Danapur
C02344,Hemal,Rajagopalan,Female,1639671.0,Aurangabad
C02166,Adweta,Morar,F,663150.0,
C01823,Abeer,Vala,female,1495200.0,cuttack
C01026,Liam,Sachar,O,1456777.0,Phusro
C03719,Hardik,Zacharia,Male,2801487.0,Ambarnath
C04961,Pranit,Vora,M,660375.0,THANE
C03545,Mason,Thakur,Female,,MORADABAD
C03172,Lavanya,Date,O,872172.0,
C01250,Rudra,Dutt,Other,1386641.0,Bathinda
C00930,Ojasvi,Karnik,Male,662175.0,Chennai
C04389,Ekansh,Desai,M,2135302.0,srikakulam
C04285,Xavier,Swaminathan,male,2679880.0,Rewa
C00429,Hamsini,Shenoy,M,2984095.0,
C02434,Jasmit,Gade,Other,3205293.0,Erode
C00362,David,Sachdeva,F,560799.0,Bettiah
C00347,Unnati,Misra,O,2073657.0,SALEM
C02015,Aarna,Chanda,male,1875321.0,Kolhapur
C02969,Akshay,Ranganathan,Other,403280.0,Ambattur
C02802,Yashasvi,Cheema,Male,852575.0,Bhagalpur
C03852,Vinaya,Brahmbhatt,F,3110880.0,Kharagpur
C00730,Geetika,Barman,M,2530012.0,Gandhidham
C00851,Arunima,Kalla,O,763943.0,Latur
C02574,Watika,Hari,Other,2390350.0,Alappuzha
C01588,Sarthak,Desai,F,3319499.0,Bahraich
C04434,Gunbir,Bhat,Other,364182.0,Rampur
C00595,Naveen,Hans,Other,3343708.0,Nashik
C04715,Kamala,Barman,O,472809.0,Siwan
C03704,Kalpit,Mallick,Other,1057616.0,MUNGER
C00273,Sarthak,Desai,female,569548.0,Bulandshahr
C01247,Samuel,Chahal,M,1873284.0,Patiala
C02915,Lakshit,Jaggi,female,772290.0,Danapur
C04173,Sara,Chana,male,2255669.0,Bhind
C00956,Saksham,Butala,F,2703454.0,Bhusawal
C03390,Yatan,Loyal,M,3203613.0,
C00810,Nathan,Kibe,Other,730777.0,JAMMU
C04917,Avni,Raman,O,1595443.0,Mathura
C01717,Fiyaz,Goyal,M,1091910.0,Sasaram
C01346,Elijah,Mandal,male,559658.0,Bhiwandi
C03609,Tripti,Pandya,female,373936.0,Yamunanagar
C02751,Naveen,Mitra,M,2882726.0,Mango
C00772,Wazir,Bassi,male,1461591.0,Varanasi
C04994,Hema,Raja,female,3057909.0,Adoni
C03386,Kamala,Bhagat,female,830143.0,Malda
C02638,Anika,Chauhan,,2081623.0,Korba
C00211,Ladli,Kashyap,male,2824371.0,Kumbakonam
C04449,Yashica,Bhardwaj,O,1673062.0,Coimbatore
C04439,Yadavi,Nath,,1241027.0,Pudukkottai
C03222,Shaurya,Date,male,3144549.0,Bhubaneswar
C00614,Gayathri,Bajaj,M,2973137.0,berhampore
C00913,Veer,Bains,F,3137062.0,Korba
C00966,Shivansh,Patla,F,411924.0,MORENA
C00524,Ryan,Sidhu,male,3465199.0,Katni
C01031,Veda,Kothari,M,2282905.0,Orai
C03155,Hitesh,Saha,Female,2145050.0,Bhilai
C00150,Chameli,Palla,Other,3406938.0,Patna
C03495,David,Kulkarni,M,845929.0,Jamshedpur
C03751,Yochana,Shukla,,595731.0,Arrah
C03416,Vasatika,Khurana,female,789873.0,Dehri
C00174,Mohammed,Modi,O,1057973.0,South Dumdum
C04676,Tanay,Varty,O,460825.0,North Dumdum
C03964,Triveni,Bir,Female,2256330.0,Tadipatri
C01727,Osha,Kapadia,Male,2898644.0,
C02518,Avni,Korpal,F,2052765.0,Patiala
C04923,Vanya,Jani,Female,1850548.0,Jamshedpur
C01978,Naksh,Goda,M,3141378.0,Motihari
C04534,Meghana,Divan,O,1175867.0,kumbakonam
C01120,Eshana,Ghose,F,3053492.0,
C04702,Xalak,Bhargava,O,1621461.0,Durg
C03519,Logan,Sarna,male,1229070.0,ARRAH
C01722,Owen,Edwin,male,2610198.0,Firozabad
C01121,Watika,Mann,female,401655.0,Madanapalle
C03878,Yash,Mohan,female,2565348.0,Loni
C03138,Dayita,Prabhakar,female,447081.0,Vadodara
C03868,Frado,Minhas,male,1336271.0,etawah
C03599,Anya,Murthy,Male,1557079.0,Durgapur
C04896,Yasti,Loyal,male,1842638.0,Gaya
C03229,Tanmayi,Dugar,F,2660049.0,Dindigul
C01930,Ishanvi,Kari,male,2950606.0,Hindupur
C03876,Devika,Bobal,O,1762996.0,Gandhidham
C02864,Divya,Samra,female,2211593.0,kollam
C02022,Hredhaan,Chander,F,339425.0,RAJKOT
C04860,Chaman,Issac,Other,2644988.0,Baranagar
C01306,Rishi,Ratta,male,2798429.0,Jammu
C03642,Jack,Sarkar,Female,1195652.0,Bidar
C00390,Janani,Guha,Female,1266021.0,Rohtak
C04143,Darsh,Buch,O,2051413.0,Guntur
C01913,Amrita,Oak,male,2386401.0,Ichalkaranji
C01010,Finn,Lata,Female,3411329.0,Indore
C00434,Radhika,Gour,M,865245.0,Uluberia
C02830,Urmi,Bava,Female,2224395.0,Kavali
C03859,Dakshesh,Bal,Male,3467597.0,Raebareli
C00878,Aarini,Banerjee,Other,1121691.0,Anantapuram
C04494,Falan,Wali,male,706222.0,Hubli–Dharwad
C03604,Darika,Vaidya,M,2194593.0,Kota
C03552,Ryan,Minhas,O,1686655.0,Udaipur
C01469,Sai,Vora,F,884555.0,Patna
C02224,Jeremiah,Srivastava,O,2759683.0,Tiruvottiyur
C01764,Yagnesh,Chopra,Other,3297023.0,Bhalswa Jahangir Pur
C02163,Chakrika,Kala,O,1792200.0,Dharmavaram
C00889,Lakshmi,Seshadri,female,1658108.0,Etawah
C03001,Harini,Joshi,M,330389.0,Bangalore
C04290,Bhavika,Sethi,Female,3144608.0,JAMNAGAR
C00539,Balendra,Viswanathan,Other,1647962.0,Thiruvananthapuram
C02396,Lohit,Gulati,Male,628119.0,TIRUNELVELI
C03238,Gautam,Subramaniam,,3092575.0,Burhanpur
C01409,Nihal,Bassi,Female,,Uluberia
C02000,Sai,Dar,female,330275.0,Karimnagar
C03673,Sanaya,Agarwal,female,908268.0,Pune
C02057,Hemani,Baria,female,,Begusarai
C03844,Kamya,Walla,O,1564599.0,Motihari
C00187,Hardik,Gera,Other,1040347.0,Loni
C04210,Tejas,Upadhyay,Female,3425584.0,
C02795,Ranveer,Nori,male,775908.0,Mango
C00163,Harsh,Loyal,O,1794740.0,Rajpur Sonarpur
C01292,Jeevika,Gupta,Male,1237584.0,Jhansi
C00592,Jalsa,Mallick,,674704.0,VIJAYANAGARAM
C00041,Maya,Shenoy,female,3267445.0,Kamarhati
C00106,Nihal,Khatri,Male,1224675.0,Durg
C02846,Hamsini,Chanda,female,1097358.0,Haldia
C01703,Gauri,Varma,F,1414040.0,Saharanpur
C00036,Pahal,Reddy,female,586758.0,Nashik
C01886,Frederick,Grewal,Other,1483429.0,Allahabad
C03241,Vasana,Hayre,female,2978021.0,Chinsurah
C00502,Yauvani,Mohan,M,1645267.0,Hyderabad
C04426,Dhriti,Chakrabarti,male,421373.0,Patna
C03320,Abeer,Chandra,F,882019.0,Secunderabad
C04169,Ekalinga,Sachdeva,O,892184.0,MORBI
C04111,Upadhriti,Bains,male,1572458.0,Eluru
C04843,Waida,Bhatnagar,female,459588.0,Nizamabad
C04108,Tristan,Suresh,,,Erode
C04548,Indali,Dash,Female,2930448.0,Ahmednagar
C01168,Fitan,Shah,M,1721637.0,Bardhaman
C02576,Gavin,Sekhon,M,3474039.0,Tiruppur
C02274,Gayathri,Rajan,,973661.0,Bareilly
C04481,Yoshita,Atwal,F,2050990.0,Bahraich
C01668,Harinakshi,Garde,Other,3381719.0,Muzaffarpur
C00067,Farhan,Banerjee,O,1664447.0,Nadiad
C00243,Hema,Natt,female,1277446.0,Haridwar
C03195,Triya,Nagy,,934601.0,Jalandhar
C04311,Vansha,Bera,M,415344.0,Bhiwani
C03602,Quincy,Yadav,F,1551204.0,Phagwara
C02631,Saksham,Chadha,female,2605971.0,Rourkela
C00311,Warda,Reddy,M,1236497.0,TINSUKIA
C01974,Ishanvi,Shroff,O,593482.0,
C03406,Aarnav,Mukhopadhyay,female,3002529.0,Gurgaon
C00344,Kevin,Dewan,Other,2499258.0,Haridwar
C02863,Vedika,Balay,O,1947614.0,anand
C00047,Nidra,Tak,Female,3456943.0,Howrah
C03116,Xiti,Arora,male,2359042.0,Kochi
C00991,Amruta,Handa,female,3494446.0,Udupi
C04523,Geetika,Nagy,M,1734756.0,jamshedpur
C00500,Timothy,Dutt,female,468537.0,Erode
C03319,Nandini,Bhatia,F,2643781.0,bijapur
C00585,Chakradev,Issac,Other,1224408.0,Warangal
C00372,Reyansh,Toor,O,2189923.0,CHENNAI
C03443,Harshil,Pathak,Female,2291812.0,Anantapuram
C03120,Alka,Varughese,O,1668796.0,Jaunpur
C01656,Mekhala,Balay,Male,2309018.0,Tiruchirappalli
C00140,Umang,Mane,Other,650557.0,Gandhinagar
C02205,Wakeeta,Ramesh,female,1528754.0,Gandhinagar
C04489,Hemani,Jani,M,1512796.0,Anantapuram
C01137,Nitara,Sehgal,male,3239272.0,Hosur
C03968,Ranveer,Borah,F,3334859.0,purnia
C00800,Dayamai,Khatri,Male,1100419.0,giridih
C00202,Elijah,Kannan,M,2389647.0,THRISSUR
C04555,Nachiket,Narayan,M,3351357.0,CHITTOOR
C01954,Joshua,Guha,female,607053.0,Vijayawada
C00733,Nikita,Singh,F,3315486.0,Madurai
C01090,Indira,Ahluwalia,M,515915.0,Tiruppur
C00995,Amaira,D’Alia,Female,1881460.0,Katihar
C00465,Joshua,Prabhakar,F,2797439.0,Sambhal
C02362,Waida,Tara,Other,338359.0,Jamshedpur
C02027,Avi,Vyas,male,1246698.0,Muzaffarpur
C02169,Darika,Bassi,Male,3105653.0,Kottayam
C04309,Faqid,Rana,O,1848191.0,Guwahati
C03748,Mekhala,Varughese,Other,1979322.0,Gorakhpur
C02936,Manbir,Seth,M,2579191.0,Yamunanagar
C04415,Turvi,Reddy,M,2197443.0,SANGLI-MIRAJ & KUPWAD
C02521,Baljiwan,Yadav,F,1902419.0,Barasat
C03456,Anya,Gill,F,988156.0,delhi
C04277,Chaitaly,Lal,F,839239.0,kottayam
C03682,Zilmil,Rajagopalan,F,1107259.0,Jamshedpur
C04588,Saanvi,Ramanathan,male,2716104.0,Mahbubnagar
C04393,Oviya,Joshi,Female,,Tiruvottiyur
C00844,Akshay,Swamy,O,1455404.0,Hubli–Dharwad
C02888,Kamala,Anne,O,1430521.0,Jaunpur
C03606,Gaurav,Dhar,male,1696874.0,HARIDWAR
C03106,Yashasvi,Chakrabarti,M,2319839.0,Imphal
C01645,Mugdha,Kulkarni,Male,2191146.0,Rajpur Sonarpur
C01675,Samesh,Saini,M,1413407.0,KHANDWA
C03329,Meera,Pant,O,409306.0,Tiruvottiyur
C00955,Eiravati,Kaul,M,1334756.0,Tinsukia
C04540,Thomas,Palan,female,604637.0,Jamnagar
C02562,Unnati,Balasubramanian,M,2109778.0,Kanpur
C00463,Charan,Barman,Male,3047756.0,Cuttack
C02860,Karan,Hegde,M,1241062.0,Anantapur
C01106,Vincent,Gour,O,3432031.0,Bidhannagar
C04598,Yoshita,Shukla,Female,2974384.0,
C02929,Qarin,Krish,male,1832321.0,Hosur
C00097,Zinal,Chakrabarti,Female,819573.0,Agra
C04881,Indrajit,Sharma,Male,2013970.0,shivpuri
C04615,Diya,Pal,F,2876698.0,NADIAD
C04870,Chanchal,Viswanathan,male,3149854.0,Bikaner
C01682,Noah,Prashad,Male,2136390.0,Gaya
C03407,Forum,Sahota,Male,661945.0,gaya
C03863,Warda,Wali,O,1684076.0,Pondicherry
C04003,Gaurang,Srinivas,Female,2488717.0,Sirsa
C02942,Janaki,Bal,Female,2093686.0,Hazaribagh
C01125,Nikita,Dixit,O,3409239.0,KOCHI
C00724,Janaki,Grewal,O,2253923.0,Junagadh
C04883,Ekantika,Balakrishnan,female,2391927.0,Chittoor
C00116,Naksh,Tata,O,2204151.0,Panchkula
C01677,Yasti,Sanghvi,O,2311469.0,Raichur
C04218,Pavani,Taneja,male,3487511.0,Katni
C00178,Waida,Kaur,Other,864592.0,Raurkela Industrial Township
C04035,Agastya,Gopal,F,2485460.0,Etawah
C01266,Anamika,Pingle,Female,1828347.0,
C02239,Sai,Ray,female,3315217.0,Bhind
C02892,Kashvi,Anand,male,2567469.0,
C01621,Fariq,Issac,Other,,
C00335,Reyansh,Mallick,Other,1719994.0,Hazaribagh
C04763,George,Ghosh,Male,2204271.0,GUDIVADA
C03143,Brinda,Warrior,F,465329.0,
C01795,Utkarsh,Dhar,Male,1294914.0,Tadepalligudem
C01194,Chakradev,Chauhan,F,1047825.0,Patiala
C04491,Tanvi,Boase,M,2140827.0,Rohtak
C00337,Pahal,Dash,F,3149108.0,Uluberia
C04356,Jackson,Kurian,Male,829614.0,Hazaribagh
C01298,Osha,Nazareth,Female,1302249.0,Anantapur
C04047,Upasna,Palla,Other,2996471.0,Kadapa
C03011,Xavier,Kashyap,male,2719886.0,Nadiad
C00345,Parth,Sridhar,F,2576653.0,SRI GANGANAGAR
C01202,Harini,Bhatt,Other,3336552.0,SAMBHAL
C00979,Devika,Sahota,Male,2227720.0,
C01232,Henry,Kapadia,Female,2858987.0,Sangli-Miraj & Kupwad
C03873,Zarna,Bhatnagar,female,3450553.0,Thane
C02011,Vasudha,Comar,M,1611385.0,Etawah
C01572,Jalsa,Sama,Male,1197967.0,Thane
C02081,Tara,Thaman,female,705181.0,Guntakal
C03354,Matthew,Sur,O,970550.0,Amroha
C00103,Vyanjana,Chawla,male,2274620.0,Morbi
C01946,Victor,Mander,M,1241742.0,Chittoor
C01655,Idika,Hayre,O,2008921.0,
C02952,Umang,Kara,male,3118004.0,ANAND
C02176,Upma,Swamy,Other,2561710.0,Farrukhabad
C01561,Bina,Sood,M,584111.0,giridih
C01513,Ranbir,Toor,male,2740758.0,Phusro
C04379,Aayush,Dora,female,2457911.0,Vellore
C02445,Imaran,Peri,M,,SURYAPET
C01326,Chaitanya,Kumar,O,2502547.0,Bhagalpur
C03984,Bhavani,Vaidya,M,3028411.0,Jhansi
C03425,Jeremiah,Krish,O,304739.0,Akola
C04266,Krish,Rajagopal,O,646277.0,Arrah
C04709,Ladli,Chopra,female,,Bhind
C01381,Darpan,Ramesh,F,,Avadi
C03985,Turvi,Khanna,female,353186.0,
C01778,Ishwar,Thakur,female,3164583.0,Surat
C02346,Orinder,Bhavsar,Female,769648.0,Aizawl
C03932,Lajita,Sachdeva,male,779965.0,Surendranagar Dudhrej
C04931,Panini,Randhawa,Male,1877734.0,Mango
C04682,Yamini,Borde,female,415055.0,Visakhapatnam
C04172,Fariq,Date,M,2804234.0,SIRSA
C04688,Sarthak,Pall,F,1279954.0,Shimoga
C01888,Ekantika,Luthra,M,1775585.0,KARAWAL NAGAR
C00808,Gabriel,Chander,M,463514.0,PANVEL
C01311,Nicholas,Sagar,Other,1774440.0,Salem
C02464,Ekansh,Kadakia,M,2873483.0,Siliguri
C04436,Liam,Dalal,Other,3389695.0,Indore
C03025,Varenya,Dave,Male,1188778.0,Tumkur
C00254,Henry,Ratti,Male,3302630.0,Hosur
C01857,Falguni,Sami,Other,3210958.0,Farrukhabad
C00552,Samaksh,Salvi,Other,1692511.0,Mirzapur
C02233,Bakhshi,Sidhu,Female,680395.0,RAMPUR
C03297,Vedhika,Chauhan,M,989992.0,Bardhaman
C04788,Owen,Arya,Female,2623329.0,Ambattur
C00378,Krishna,Lad,Male,,Giridih
C00677,Pahal,Sha,O,1340636.0,Bareilly
C03958,Quincy,Tata,O,2703777.0,GUNA
C01320,Ekavir,Purohit,F,1910050.0,Eluru
C04040,Sathvik,Hayer,Female,1639916.0,Berhampur
C03617,Daniel,Dhillon,Other,2845821.0,
C02876,Pavani,Misra,M,363286.0,Jaipur
C03022,Jagat,Mohanty,O,2340177.0,Kanpur
C03066,Hiral,Raj,Female,1448602.0,Darbhanga
C01474,Banjeet,Viswanathan,M,709648.0,Dewas
C01757,Ekta,Kala,Other,1520971.0,Mangalore
C02617,Lipika,Bhasin,Other,3361637.0,DURGAPUR
C03941,Bishakha,Chandran,F,1162472.0,GOPALPUR
C00086,Riya,Kaul,M,1057158.0,Bhilai
C01935,Max,Bobal,female,3003149.0,Belgaum
C02793,Praneel,Kaul,Other,2427377.0,UJJAIN
C01493,Mason,Chanda,F,,raipur
C03886,Vritti,Brar,M,1799048.0,Deoghar
C03515,Jeremiah,Devi,O,3207210.0,Satna
C00611,Triveni,Sathe,F,647808.0,Dehradun
C01204,Warda,Nagar,Male,3476553.0,Thanjavur
C01485,Wridesh,Biswas,O,2071145.0,KAVALI
C02116,Qabil,Vohra,O,2538619.0,Deoghar
C00023,Kritika,Kamdar,Male,991762.0,Salem
C00807,Jai,Bumb,Male,1998330.0,Khandwa
C02587,Theodore,Dube,Male,724374.0,Bardhaman
C00630,Kabir,Sane,female,717689.0,Hindupur
C02993,Hema,Sharaf,O,2007457.0,Latur
C02594,Baghyawati,Chaudry,Female,890005.0,Meerut
C00405,Yash,Narula,Male,2175337.0,Dibrugarh
C00751,Krish,Lal,F,3153139.0,Durgapur
C02171,Hemang,Kota,male,1953337.0,uluberia
C03506,Vidhi,Rege,F,1182459.0,Kochi
C01444,Madhavi,Saini,M,3337357.0,Singrauli
C00795,Pahal,Jaggi,O,1651581.0,Nellore
C00222,Daniel,Buch,female,1054129.0,
C02148,Rushil,Keer,F,1093663.0,Ongole
C00104,Ijaya,Pant,Male,1259760.0,Chittoor
C01539,Isha,Minhas,male,1424879.0,Panchkula
C04736,Zayan,Dutta,F,2608938.0,Tezpur
C03971,Lipika,Anne,M,1856016.0,Ghaziabad
C02498,Nilima,Talwar,O,3297190.0,BIKANER
C00732,Luke,Vala,O,3223127.0,Pali
C01044,Nikita,Puri,M,1366663.0,Amravati
C02393,Bahadurjit,Chadha,M,1019932.0,durgapur
C02890,Prisha,Anand,Other,440262.0,Ahmednagar
C01021,Agastya,Amble,M,1513871.0,Bhilai
C03161,Vrinda,Butala,female,1460723.0,Bhiwandi
C02059,Abdul,Sur,female,900807.0,bhiwandi
C00862,Kashvi,Kata,M,644563.0,Gulbarga
C04190,Ekbal,Verma,F,3070129.0,Purnia
C01280,Gaurika,Bora,female,,Panipat
C00024,Vyanjana,Sami,female,2642273.0,Solapur
C02900,Chandresh,Bava,Male,3040391.0,Aizawl
C02031,Shivani,Chander,male,2157729.0,raebareli
C00620,Yahvi,Sahni,Female,2319669.0,KORBA
C04854,Upma,Bala,F,2421806.0,mumbai
C04728,Jhalak,Sachdeva,Female,1426909.0,Bardhaman
C04832,Leena,Prakash,O,2610889.0,Parbhani
C01238,Ishwar,Rajan,Other,348542.0,Singrauli
C00876,Daksha,Sachdeva,female,1424196.0,Gurgaon
C00159,Liam,Nori,F,646996.0,Asansol
C00073,Wakeeta,Tella,F,3025606.0,
C00706,Kevin,Mann,Other,2323278.0,Ambattur
C01083,Dhruv,Bail,Male,900090.0,Uluberia
C01390,Indali,Dora,M,2153362.0,delhi
C04743,Vedhika,Edwin,Male,1039967.0,Aurangabad
C00936,Gagan,Dora,Female,638785.0,Karaikudi
C00295,Nachiket,Yogi,Other,3098195.0,Gurgaon
C00136,Aditya,Taneja,O,1459892.0,Ranchi
C04162,Amrita,Bose,F,2006316.0,Katni
C02162,Jonathan,Modi,Other,871632.0,Phagwara
C02058,Isaac,Jha,male,2235862.0,Serampore
C01060,Quincy,Toor,Female,2222094.0,Khammam
C01522,Amruta,Keer,female,983590.0,Haldia
C03612,Onveer,Merchant,Female,2175974.0,medininagar
C02938,Matthew,Oak,O,3477729.0,Machilipatnam
C01402,Charvi,Uppal,M,2843326.0,Siwan
C01347,Gautami,Sachdeva,O,1795823.0,Muzaffarpur
C01609,Owen,Mital,O,3332134.0,Tirunelveli
C03539,Christopher,Jayaraman,Male,1039942.0,
C04221,Damyanti,Kapur,O,2597577.0,Salem
C00993,Rajata,Ramesh,Male,473889.0,Dhanbad
C01614,Januja,Pai,male,2014844.0,dehri
C02532,Vivaan,Ramachandran,,1482535.0,Bikaner
C01355,Raksha,Dey,male,1740518.0,new delhi
C04097,Urvashi,Suri,M,1817825.0,Ballia
C03640,Noah,Comar,Female,2015892.0,Mathura
C02887,Forum,Sant,Other,3248769.0,MAU
C03761,Ria,Khanna,Male,1722353.0,Tezpur
C01260,Gaurangi,Kaul,male,1345024.0,siliguri
C03411,Vidhi,Chana,Female,1064025.0,MAHESHTALA
C02446,Jalsa,Rajagopalan,Female,481103.0,Tirunelveli
C03697,Ekani,Agrawal,female,2099276.0,Secunderabad
C01110,Hemal,Sahni,O,2398138.0,Karaikudi
C02505,Mohammed,Batta,,1482921.0,Alwar
C03717,Mason,Chacko,F,701756.0,Giridih
C03205,Krishna,Prakash,F,804516.0,Dharmavaram
C01809,Veda,Ahluwalia,O,2174441.0,Sirsa
C03025,Varenya,Dave,Male,1188778.0,Tumkur
C00152,Alexander,Ahluwalia,M,2475089.0,Jodhpur
C02220,Ria,Shanker,Male,3447004.0,Bhimavaram
C01851,Ishani,Borde,F,2233844.0,indore
C03504,Chanakya,Keer,Male,2989162.0,Gurgaon
C00964,Naveen,Peri,Male,1331451.0,Sultan Pur Majra
C04659,Yashasvi,Gole,F,1612375.0,MYSORE
C04974,Omaja,Taneja,Other,1013422.0,Jaunpur
C04634,Hitesh,Pal,female,1724579.0,Sangli-Miraj & Kupwad
C03127,Laban,Minhas,female,,Berhampur
C04711,Gagan,Lata,Female,2958650.0,BELGAUM
C04599,Omkaar,Goyal,O,2254475.0,
C00350,Indrajit,Setty,F,493079.0,Junagadh
C01167,Oeshi,Kulkarni,Other,472322.0,Chittoor
C02236,Balvan,Sarma,F,2227834.0,bidar
C01831,Urmi,Kata,M,3173936.0,Mysore
C03423,Qarin,Jani,male,2613445.0,Pondicherry
C02848,Simon,Nagar,male,2473327.0,arrah
C02536,Inaya,Kurian,female,1297794.0,Aligarh
C04503,Dev,Khatri,Other,1296855.0,Bhatpara
C03395,Jai,Dugar,,3260073.0,Rohtak
C02604,Yashodhara,Bir,female,3136942.0,Nagaon
C01535,Luke,Purohit,O,821581.0,Rewa
C04055,Osha,Tank,O,2009483.0,Aurangabad
C01399,Yochana,Hegde,,1100845.0,Ahmednagar
C03422,Saksham,Sastry,Other,1641066.0,Durgapur
C03925,Yashoda,Wali,Male,1861083.0,south dumdum
C02429,Joshua,Nagy,Female,482861.0,Sambalpur
C04592,Eshana,Rajan,Other,3007056.0,Gwalior
C03817,Agastya,Aurora,Female,1654536.0,Jamnagar
C00837,Dalbir,Das,Female,2947940.0,Chinsurah
C03972,Hema,Wadhwa,M,1098918.0,Anantapur
C00778,Damyanti,Pal,M,2806407.0,Satara
C02263,Laksh,Sheth,male,987975.0,Farrukhabad
C01723,Pushti,Rattan,M,1250727.0,Imphal
C00535,Tanveer,Gaba,female,1414734.0,Tirupati
C03582,Watika,Sachdev,Male,1270930.0,Pimpri-Chinchwad
C03323,Dev,Thaman,M,2249934.0,danapur
C02581,Logan,Varghese,O,1042848.0,Navi Mumbai
C00788,Ayush,Ahuja,Male,1912816.0,SOUTH DUMDUM
C03830,Harinakshi,Choudhary,O,1356623.0,Jhansi
C01865,Irya,Pandya,F,3141342.0,Thiruvananthapuram
C01750,Pranav,Virk,female,3020173.0,
C00904,Matthew,Bala,female,1941259.0,Bhubaneswar
C03861,Vasatika,Dhawan,O,1779128.0,Jamalpur
C03492,Avi,Jain,Female,1659346.0,
C00917,Wyatt,Wason,M,1526822.0,hindupur
C04956,Hemangini,Som,female,3326126.0,Nagaon
C00657,Neel,Chana,,1025871.0,Gudivada
C00912,Bakhshi,Chacko,M,2999792.0,Vijayawada
C00472,Hema,Saxena,male,1686075.0,Guwahati
C01070,Falguni,Sankaran,Female,924598.0,Allahabad
C01282,Rajeshri,Savant,F,3188334.0,Faridabad
C00908,Rachana,Divan,male,1799379.0,Sagar
C01784,Jai,Chander,Male,985236.0,Tinsukia
C00823,Matthew,Srinivas,Female,1016805.0,Bhimavaram
C04836,Ganga,Chander,Male,,Kanpur
C00544,Hardik,Bath,F,3394710.0,orai
C00679,Vasudha,Taneja,M,2324214.0,Darbhanga
C04685,Abhimanyu,Varkey,F,591055.0,Bhavnagar
C02122,David,Krishnan,female,3004508.0,Chinsurah
C02258,Pranit,Rattan,O,2433748.0,Sangli-Miraj & Kupwad
C00033,Kevin,Lad,O,2919152.0,Siliguri
C01592,Qabil,Karnik,F,2333804.0,
C01791,Mitali,Savant,Other,2373634.0,Hapur
C02156,Harinakshi,Badami,female,2494984.0,Ludhiana
C03706,Chaitanya,Lad,male,2812073.0,Raichur
C04865,Kashish,Chhabra,O,1305713.0,Gandhinagar
C03255,Mahika,Keer,O,2649282.0,KATIHAR
C03680,Logan,Nanda,F,,Barasat
C01033,Maanav,Yogi,female,3021876.0,Karaikudi
C00250,Amaira,Narang,F,2497710.0,
C02648,Indali,Kaur,M,2191637.0,Baranagar
C03098,Vidhi,Thakkar,M,,Tadepalligudem
C00703,Christopher,Bhargava,O,2468472.0,Aizawl
C01827,Frado,Oak,male,3170320.0,Junagadh
C04811,Abeer,Kar,female,3417968.0,
C00182,Dominic,Dutta,female,3187603.0,Tezpur
C01476,Qarin,Mukhopadhyay,female,2319935.0,NEW DELHI
C00217,Sanya,Jain,Male,2221783.0,Etawah
C02469,Laksh,Dutt,O,1190287.0,Bhubaneswar
C03306,Libni,Gera,Female,1441769.0,Chittoor
C01913,Amrita,Oak,male,2386401.0,Ichalkaranji
C02226,Amara,Shanker,M,3044030.0,Hapur
C00447,Chaitanya,Madan,F,1842864.0,Dewas
C00734,Jyoti,Dara,F,1857551.0,Meerut
C00068,Laksh,Saxena,M,626036.0,MEERUT
C03638,Adweta,Kapur,female,2827814.0,Burhanpur
C03012,Jasmit,Mistry,F,2942691.0,Dehradun
C01556,Harish,Bali,Male,2675966.0,chandrapur
C03215,Anjali,De,Female,1776915.0,madhyamgram
C03398,Kavya,Dara,Male,2997472.0,Lucknow
C04538,Samuel,Chaudhari,Other,1972425.0,Jaunpur
C04833,Anirudh,Sridhar,female,3273531.0,Bhatpara
C04889,Tanvi,Shere,female,1816488.0,Deoghar
C00246,Omisha,Garde,male,383974.0,Patna
C03774,Lohit,Uppal,male,1397063.0,Lucknow
C01771,Reva,Nagar,female,407569.0,North Dumdum
C00507,Jeevika,Doshi,male,3341195.0,Cuttack
C00118,Vaishnavi,Garg,O,1821782.0,Tinsukia
C02477,Chatresh,Puri,male,1840213.0,Suryapet
C04166,Balveer,Tiwari,M,1935768.0,jalgaon
C03740,Balveer,Edwin,Other,1861520.0,Chennai
C01787,Hemani,Mall,Other,2904384.0,Tinsukia
C03472,Theodore,Mander,male,596598.0,Kulti
C00837,Dalbir,Das,Female,2947940.0,Chinsurah
C00563,Tanvi,Chadha,O,1643440.0,mau
C02243,Wahab,Wali,O,3116695.0,Indore
C01087,Dhriti,Buch,Other,1538087.0,Katihar
C04189,Faraj,Mitter,Female,,Bhavnagar
C01617,Sneha,Koshy,Other,2867445.0,Bijapur
C04608,Ishwar,Dewan,male,2509567.0,Malegaon
C02341,Neha,Naik,,2621132.0,
C04193,Indrajit,Nagarajan,O,3396530.0,Ichalkaranji
C00451,Widisha,Khare,male,2767099.0,Raichur
C04103,David,Oza,O,2546265.0,Gudivada
C01683,Fariq,Bhatia,Female,725450.0,Bhopal
C02306,Lavanya,Sethi,Other,1017699.0,Siliguri
C00277,Jonathan,Purohit,F,1075590.0,Raichur
C00523,Oni,Sawhney,Female,3442514.0,ahmednagar
C04381,Ojasvi,Rajan,M,2345435.0,Tenali
C00053,Fariq,Karpe,M,682313.0,Arrah
C03547,Jagat,Savant,M,3450460.0,Adoni
C03079,Abeer,Sidhu,Female,815691.0,Panchkula
C04425,Samarth,Ramakrishnan,male,1477806.0,Lucknow
C01842,Hema,Kaur,Other,2129699.0,Kota
C04972,Omya,Memon,Other,472905.0,Howrah
C04714,Viraj,Apte,male,1736101.0,panihati
C01426,Aarav,Mutti,male,2428565.0,south dumdum
C02486,William,Karan,male,,Bijapur
C00902,Amol,Roy,male,1742563.0,Gorakhpur
C01748,Lohit,Dayal,male,1226149.0,Mango
C04716,Brijesh,Saini,F,,Berhampore
C03694,Gautam,Mangat,Female,2713349.0,Jamshedpur
C00420,Abeer,Naidu,Male,1636614.0,Rajkot
C01146,Unnati,Mistry,female,2303277.0,kolhapur
C03746,Yoshita,Dhaliwal,M,3134757.0,Bellary
C04761,Isha,Rai,Male,1549996.0,
C02736,Chaitanya,Doshi,Other,1602657.0,Tadepalligudem
C02517,Jeevika,Barad,O,2796801.0,Satara
C01495,Imaran,Banerjee,M,3151163.0,Morena
C03301,Aryan,Halder,male,2779069.0,Gurgaon
C00289,Vidhi,Tripathi,female,3321152.0,Tirupati
C03101,Manya,Goyal,F,2034170.0,Imphal
C02681,Nicholas,Sant,M,450885.0,
C03732,Charvi,Ram,Male,1133301.0,Alappuzha
C03208,Adweta,Srinivasan,Male,425694.0,Etawah
C04973,Dev,Bhatnagar,male,1596085.0,
C03613,Pranav,Hayre,O,1291308.0,Bhilwara
C00205,Eta,Soni,Other,2123193.0,chittoor
C01029,Neha,Mannan,F,2612974.0,Nagaon
C04347,Azad,Subramaniam,Other,556284.0,Bally
C04658,Gaurang,Konda,Male,2256387.0,GUNA
C04712,Kashish,Kari,M,2875804.0,DIBRUGARH
C03716,Simon,Dasgupta,F,514529.0,Tirunelveli
C04697,Advika,Chacko,O,2487742.0,Jabalpur
C04259,Sai,Pant,O,,Karnal
C00377,Tejas,Bath,male,1028977.0,Bareilly
C04433,Advaith,Parmar,O,1879659.0,Bilaspur
C00168,Ekaja,Varma,M,905079.0,Hyderabad
C02640,Balveer,Keer,M,3230477.0,AGRA
C01527,Zaid,Lal,Male,330132.0,BIJAPUR
C03162,Bishakha,Purohit,Other,1007115.0,
C04229,Panini,Salvi,F,3496480.0,Ratlam
C03278,Alka,Chaudry,Other,1745760.0,Sirsa
C02184,Christopher,Tiwari,female,2979567.0,Eluru
C00386,Amara,Rao,M,2172583.0,
C04539,Ekalinga,Chadha,female,2383112.0,bally
C01893,Anvi,Venkatesh,female,818776.0,Siwan
C03821,Turvi,Johal,M,2610727.0,Bongaigaon
C00642,Ekansh,Solanki,Other,2459861.0,Ghaziabad
C04827,Rohan,Sharma,F,951139.0,Belgaum
C03086,Charles,Dalal,Female,2101044.0,Solapur
C03749,Yutika,Chandra,Female,1579703.0,Kurnool
C00893,Jalsa,Hari,M,2942951.0,Khammam
C02304,Nisha,Brar,male,3349380.0,Madanapalle
C04000,Faraj,Batra,O,3033754.0,Parbhani
C01014,Yasti,Bhasin,Female,2679507.0,Muzaffarnagar
C01959,Hemang,Tata,M,2777589.0,Pallavaram
C01867,Leela,Bhat,Female,1962708.0,New Delhi
C00590,Eiravati,Bera,male,714524.0,Kadapa
C00538,Aadhya,Venkataraman,female,1022447.0,SHIMOGA
C01193,Kiaan,Rastogi,,3135142.0,Erode
C02738,Leela,Vig,male,1220300.0,PANIPAT
C01932,Radha,Borah,male,692030.0,Gandhidham
C04795,Jagvi,Kara,Other,3085747.0,barasat
C02973,Vedant,Nori,Male,1667516.0,Bongaigaon
C01126,Akshay,Bhatnagar,F,3370725.0,Mahbubnagar
C02228,Prisha,Badal,Male,1811807.0,NELLORE
C03967,Vedhika,Deol,,2560215.0,Tadipatri
C04049,Chavvi,Banik,male,1076140.0,Machilipatnam
C03507,Ekta,Goswami,Female,669416.0,Rajahmundry
C02410,Krish,Vaidya,female,2707114.0,Kurnool
C01367,Krishna,Bajwa,Male,622572.0,Pudukkottai
C04861,Onkar,Johal,Male,1620900.0,Rajahmundry
C02784,Harita,Lad,M,2489995.0,Kalyan-Dombivli
C01514,Yashica,Mistry,M,2312275.0,ANAND
C00035,Ridhi,Aggarwal,male,1764712.0,Kamarhati
C04019,Nathan,Srinivas,Other,1493746.0,PATNA
C02867,Owen,Chana,female,2756980.0,SAMBALPUR
C01329,Sanya,Chander,M,3284659.0,Katni
C03359,Siddharth,Hora,Male,479013.0,Sonipat
C02640,Balveer,Keer,M,3230477.0,AGRA
C00321,Balveer,Gade,O,2125105.0,SULTAN PUR MAJRA
C00012,Panini,Kakar,female,1238657.0,Hosur
C03282,Nidhi,Ghose,F,946896.0,patiala
C01659,Omya,Ram,female,3399299.0,Bareilly
C04382,Pallavi,Singhal,F,3345789.0,Erode
C02200,Edhitha,Agarwal,Other,3156008.0,Shahjahanpur
C00336,Isaiah,Jani,Female,696440.0,Phagwara
C00285,Yatan,Chada,Female,388506.0,Raipur
C00139,Faqid,Ghosh,Other,3334466.0,CHAPRA
C00725,Sachi,Batra,F,947968.0,Nagpur
C02773,Oliver,Chacko,Other,1255696.0,Mehsana
C04609,Charles,Sheth,Other,2234994.0,Kamarhati
C04316,Ranveer,Bala,O,320080.0,Pimpri-Chinchwad
C00359,Ekantika,Sarkar,male,981096.0,Malegaon
C04823,Max,Batta,O,3485026.0,Rajpur Sonarpur
C03702,Caleb,Sharma,O,3019856.0,Surendranagar Dudhrej
C00131,Ishita,Bora,O,1382324.0,Mira-Bhayandar
C02724,Unni,Sachar,F,3412282.0,Avadi
C04091,Pavani,Mani,Female,1737918.0,Rajkot
C00234,Harita,Bhardwaj,Female,2913286.0,Kollam
C04541,Gauri,Issac,M,1398681.0,Farrukhabad
C00014,Yahvi,Memon,F,2060001.0,Tinsukia
C04518,Patrick,Sathe,F,3035182.0,Agartala
C04670,Vyanjana,Bali,Female,1153855.0,
C04048,Xalak,Suresh,O,2204000.0,bikaner
C03129,Aarnav,Dani,Female,2059638.0,Gorakhpur
C04296,Krisha,Bath,female,1111697.0,AGARTALA
C02432,Chanchal,Bobal,Other,3010619.0,Raichur
C02356,Balvan,Kaul,M,2483145.0,AGARTALA
C02994,Wahab,Soni,female,1144561.0,Saharsa
C04397,Upadhriti,Ganguly,Other,3292964.0,Siliguri
C01279,Chatresh,Cherian,Male,1445227.0,Khandwa
C03829,Harshil,Nagy,male,3050191.0,Dehradun
C02003,Ishwar,Toor,F,2775767.0,Ambala
C00598,Amrita,Patla,Other,496106.0,
C04330,Kai,Nayar,Other,1199700.0,Orai
C01555,Devansh,Sarna,,3137622.0,Chandigarh
C02515,Henry,Savant,M,2462543.0,South Dumdum
C03672,Girindra,Hayer,female,3073831.0,Kakinada
C02029,Lucky,Kaul,Male,2363313.0,
C00448,Om,Sandhu,male,3140847.0,Khandwa
C04041,Gayathri,Madan,Male,3030163.0,Aurangabad
C02660,Avi,Chopra,O,1895097.0,Ambattur
C03911,Zansi,Iyengar,Female,3290509.0,RAMGARH
C00175,Zayyan,Shanker,Male,3416147.0,Tirunelveli
C00170,Oviya,Balasubramanian,male,1679246.0,Bhubaneswar
C04463,Gaurang,Palla,M,922602.0,Latur
C02361,Radha,Parmar,Male,3312187.0,Uluberia
C04254,Chaitaly,Parekh,Female,311052.0,ULUBERIA
C01410,Vedant,Chawla,Male,626716.0,Alappuzha
C03758,Bina,Chokshi,O,3198282.0,Meerut
C03786,Sai,Kapur,Male,999595.0,Gorakhpur
C02616,Kala,Warrior,Female,3482033.0,Panvel
C00825,Aarini,Walia,Female,3346254.0,
C01012,Anamika,Varghese,F,675771.0,Jamnagar
C00492,Varenya,Kaur,Female,1855739.0,rourkela
C04185,Omya,Swamy,F,1751501.0,deoghar
C02801,Avni,Vora,female,,Gwalior
C00230,Tanvi,Bhagat,F,1340357.0,Nashik
C02275,Hema,Warrior,,1134606.0,Bardhaman
C00060,Gaurav,Aurora,Female,549710.0,Jalgaon
C04386,Tarak,Yadav,Other,3282723.0,Salem
C04263,Yutika,Bakshi,O,2054061.0,TEZPUR
C00438,Januja,Wason,O,797454.0,Bhubaneswar
C04318,Ridhi,Balasubramanian,Other,2506559.0,Ahmedabad
C00707,Edhitha,Pau,Male,2750810.0,Khora 
C01742,Aadhya,Devi,F,1035230.0,Jehanabad
C02574,Watika,Hari,Other,2390350.0,Alappuzha
C03767,Lucky,Krishnan,male,2949460.0,Haldia
C04849,Frado,Madan,O,2348615.0,Ambarnath
C04884,Ikbal,Dugar,O,3245015.0,Kochi
C01117,Adweta,Handa,Female,2599534.0,Sikar
C01156,Bhavika,Pau,Female,3410660.0,parbhani
C02843,Charan,Balay,F,2132626.0,Sagar
C00871,Kalpit,Brahmbhatt,F,1454780.0,Jamalpur
C03203,Manan,Sengupta,Female,1927699.0,new delhi
C04402,Neha,Thaker,male,788194.0,Korba
C02947,Maanas,Nagi,male,2620582.0,North Dumdum
C01185,Lipika,Lanka,M,1045207.0,Ujjain
C02609,Ishwar,Lall,F,1670496.0,Gwalior
C04694,Eta,Bhat,Female,2797233.0,Shivpuri
C01965,Wridesh,Sarin,Other,2031727.0,Lucknow
C01807,Nitesh,Sarna,M,2544423.0,Guna
C00444,Sarthak,Shah,female,1251638.0,Thiruvananthapuram
C04935,Zayan,Datta,O,2199299.0,Hajipur
C01571,Liam,Hayer,female,,Kota
C02056,Chatresh,Warrior,male,843528.0,Parbhani
C01352,Chanakya,Raghavan,Other,1824335.0,Avadi
C01358,Zilmil,Warrior,female,,Dibrugarh
C03760,Farhan,Palla,F,835672.0,Hospet
C02675,Zayyan,Parmer,Male,670717.0,SIRSA
C00512,Leela,Parmer,O,2717548.0,coimbatore
C00770,Zaid,Hans,Other,2143686.0,Moradabad
C03209,Radha,Setty,M,3297474.0,Siwan
C01258,Divya,Shere,Other,2915236.0,Hindupur
C02561,Ekaraj,Naik,Female,1864157.0,Rourkela
C02507,Pooja,Deo,Female,430079.0,Medininagar
C00371,Ridhi,Bhat,female,2511961.0,Sambhal
C01002,Dhruv,Chokshi,Female,,Muzaffarnagar
C03850,Vinaya,Bhandari,F,3183025.0,Anantapur
C01817,Omaja,Kalla,O,1528318.0,thane
C01805,Anamika,Bhalla,male,,Visakhapatnam
C04550,Frado,Khurana,male,1039636.0,Tiruchirappalli
C00317,Victor,Jayaraman,M,,Bihar Sharif
C01275,Advik,Krishnamurthy,Female,1178262.0,Nangloi Jat
C00743,Yashawini,Singhal,O,3082568.0,Silchar
C04158,Aayush,Sen,Male,1758306.0,Vijayawada
C02709,Ubika,Bakshi,female,396758.0,Malda
C01879,Varenya,Sem,M,3454889.0,New Delhi
C02006,Leena,Mann,Other,2668456.0,GHAZIABAD
C02859,Amara,Tiwari,Other,1090357.0,Barasat
C00491,Azaan,Rao,Other,2053735.0,Vijayawada
C01444,Madhavi,Saini,M,3337357.0,Singrauli
C01844,Meera,Bera,female,3286259.0,Kozhikode
C04781,Vihaan,More,F,2706480.0,Eluru
C04156,Vyanjana,Madan,Female,1103958.0,
C00961,Damini,Amble,Female,374646.0,Siliguri
C02644,Hemal,Nagar,male,2267575.0,Chennai
C00667,Balhaar,Batra,Other,322805.0,
C00218,Aarna,Nori,male,690697.0,Purnia
C03400,Chaitaly,Wason,M,621166.0,Vasai-Virar
C00637,Jairaj,Murthy,F,1613142.0,
C04441,Reyansh,Rastogi,Other,816880.0,Guntur
C03826,Abdul,Thaman,Male,1609069.0,Satara
C03233,Amara,Muni,Male,738770.0,GUDIVADA
C01553,Chaitanya,Bobal,Male,586823.0,Mirzapur
C04594,Zaid,Murthy,M,2087787.0,Solapur
C03350,Peter,Sathe,male,1916825.0,Rohtak
C02851,Hritik,Garde,F,3073795.0,Ambala
C03119,Frederick,Wadhwa,Other,2287046.0,North Dumdum
C01859,Harsh,Johal,Male,3001239.0,Motihari
C02049,Yochana,Vyas,Male,3106264.0,SIKAR
C01533,Lavanya,Koshy,Male,599725.0,Jhansi
C04036,Rayaan,Bava,M,1361536.0,Imphal
C01915,Owen,Mittal,Other,602344.0,
C02597,Harinakshi,Khatri,Male,2804524.0,Khora 
C00578,Atharv,Guha,female,2512180.0,Dindigul
C01457,Nakul,Bajaj,Male,1032157.0,Erode
C02485,Bahadurjit,Zachariah,M,2251209.0,jalgaon
C04710,Anya,Sridhar,female,1581652.0,Sambhal
C00162,Falan,Ganesh,Other,3429578.0,Agra
C02537,Saanvi,Nanda,female,1630039.0,Muzaffarnagar
C02730,Triveni,Murty,female,2340790.0,Chandigarh
C01870,Arunima,Raj,male,2921550.0,Mathura
C03717,Mason,Chacko,F,701756.0,Giridih
C02690,Rayaan,Lad,O,392902.0,bihar sharif
C01472,Isha,Kar,O,3010427.0,Jabalpur
C00257,Urvashi,Bora,O,546891.0,ROHTAK
C03105,Andrew,Bhattacharyya,female,,Buxar
C03286,Avi,Ratta,Female,1790792.0,Nadiad
C01242,Gavin,Bala,female,546967.0,Ozhukarai
C00092,Nikita,Rai,F,1912155.0,Begusarai
C03018,Daksh,Kunda,female,3387181.0,Bongaigaon
C00050,Udant,Kohli,M,513003.0,Kishanganj
C03190,Jeet,Acharya,O,2794221.0,Panchkula
C00901,Balveer,Natarajan,female,1430900.0,DHULE
C01082,Panini,Kota,F,1360790.0,Kanpur
C03269,Lekha,Shetty,F,1918645.0,Moradabad
C00772,Wazir,Bassi,male,1461591.0,Varanasi
C04096,Hitesh,Choudhary,F,3000604.0,
C02857,Tara,Rajagopal,O,1471429.0,Bikaner
C04557,Zashil,Pradhan,O,1320709.0,Udaipur
C02896,Manan,Mane,M,3287360.0,Kochi
C00402,Eta,Sachar,male,2770653.0,
C03358,Jyoti,Devan,female,650164.0,Gorakhpur
C01630,Daksha,Sura,M,871904.0,Ramagundam
C03166,Vritti,Wali,M,3058581.0,Ranchi
C03532,Wazir,Ranganathan,O,1818618.0,
C00216,Garima,Acharya,male,1130284.0,Bijapur
C02458,Kiaan,Sabharwal,Female,1006784.0,Singrauli
C03481,Widisha,Gara,O,1369073.0,Singrauli
C03188,Bhanumati,Karpe,O,2684922.0,Katihar
C01862,Alexander,Garde,male,585498.0,
C02556,Faris,Sankaran,M,2610696.0,Machilipatnam
C02819,Osha,Sathe,Other,2634924.0,Dewas
C02692,Reyansh,Bahl,male,3249390.0,Ujjain
C03679,Eta,Tella,male,1132202.0,avadi
C01896,Radhika,Khosla,Female,764331.0,SIKAR
C00453,Upkaar,Chhabra,male,764635.0,Kavali
C03147,Sathvik,Bala,Male,1004133.0,barasat
C04226,Charita,Prakash,female,684425.0,Gangtok
C03816,Jacob,Prasad,Other,315375.0,Hindupur
C00669,Charan,Tripathi,,3213029.0,faridabad
C04969,Idika,Kanda,Male,753632.0,Kozhikode
C04671,Leena,Pandya,F,1471980.0,Bally
C00857,Hemangini,Verma,M,1946149.0,Satara
C04304,Timothy,Biswas,O,1353024.0,Karaikudi
C04878,Urvashi,Shenoy,O,2246557.0,Gudivada
C03379,Bhavya,Shan,M,2019871.0,Baranagar
C00968,Siddharth,Varty,M,3426100.0,Surat
C02268,Dayita,Chakrabarti,male,1487287.0,JEHANABAD
C00586,Orinder,Batta,male,1864649.0,Barasat
C04603,Atharv,Johal,M,3113548.0,Bilaspur
C01912,Netra,Koshy,O,1973449.0,NASHIK
C04423,Bahadurjit,Mital,female,2688994.0,Salem
C04448,Bakhshi,Sastry,O,2474979.0,Haldia
C04517,Devansh,Sura,male,2706104.0,NORTH DUMDUM
C04770,Charvi,Rama,Male,2796911.0,Guntakal
C01916,Xavier,Natt,female,3167862.0,Bihar Sharif
C01634,Arjun,Mohanty,Other,3443906.0,Katihar
C04818,Bhanumati,Sekhon,Other,1337746.0,Medininagar
C02663,Lipika,Sehgal,female,944126.0,Nandyal
C04748,Daksha,Srinivas,Female,1640791.0,
C02908,Ekaja,Deo,Male,1472642.0,Allahabad
C03176,Bhavna,Barad,O,2175723.0,Pondicherry
C00473,Amaira,Zachariah,O,1861430.0,Kulti
C00573,Qushi,Borde,female,2965061.0,Ahmedabad
C00777,Devansh,Dixit,F,1402581.0,Hapur
C00172,Shivani,Thaker,Male,1786374.0,Sasaram
C02853,Mason,Boase,Female,3125512.0,Jamnagar
C04752,Darika,Sampath,Male,3010388.0,TUMKUR
C00554,Tanay,Randhawa,M,1140357.0,Satara
C02335,Thomas,Bhatt,M,1577324.0,Raipur
C02742,Ekta,Lalla,M,2451633.0,
C04636,Benjamin,Thakkar,,2091139.0,Alwar
C04222,Triya,Nadig,female,2946387.0,Giridih
C02170,Wishi,Patla,female,2303894.0,Gorakhpur
C01391,Nisha,Bhalla,Female,2330566.0,Kishanganj
C01975,Aarna,Mannan,F,2409888.0,Howrah
C00461,Yuvraj,Subramaniam,male,375552.0,Bilaspur
C04953,Theodore,Mahajan,M,3042646.0,Bhatpara
C00952,Urvi,Brahmbhatt,male,1369794.0,Agartala
C02082,Darika,Chadha,male,2140375.0,Thoothukudi
C04757,Chakrika,Tella,female,3476355.0,Burhanpur
C03008,Manan,Deo,O,981034.0,Jalna
C04051,Amaira,De,Female,2633319.0,Khammam
C03693,Chanchal,Saraf,M,947897.0,Thrissur
C03913,Balvan,Jhaveri,O,1396716.0,Nashik
C00478,Yamini,Ramachandran,M,1486961.0,Khammam
C01804,Matthew,Krishnamurthy,F,2278123.0,
C04375,Jeet,Muni,Other,1118676.0,Kakinada
C02324,Meghana,Joshi,F,3181992.0,Rampur
C02137,Vasudha,Edwin,M,563972.0,jhansi
C01664,Ojasvi,Pandya,Other,2930920.0,Imphal
C01739,Pooja,Khatri,Male,,Durg
C00821,Alka,Andra,,3388712.0,RAICHUR
C02459,Aashi,Balasubramanian,Other,1568707.0,Meerut
C01536,Aarav,Varghese,Female,1698130.0,Phagwara
C04140,Pranit,Prashad,female,3392529.0,rajahmundry
C02741,Meera,Hans,O,1426119.0,Surendranagar Dudhrej
C03505,Kiaan,Rajan,F,2980163.0,Sagar
C00735,Abeer,Dar,M,1523507.0,Ambattur
C00898,Vasudha,Sahota,Male,2552648.0,Arrah
C00593,Gopal,Batta,F,547802.0,Morbi
C00126,Varenya,Bhattacharyya,Female,1883814.0,Jehanabad
C03927,Lucky,Hayer,Male,650129.0,haldia
C04467,Laban,Nath,male,2812070.0,LONI
C01940,Irya,Om,O,2865041.0,
C04291,Naksh,Keer,female,1984394.0,Machilipatnam
C01731,Joshua,Saxena,Female,3067239.0,Udupi
C00460,Unni,Dani,female,343849.0,Bangalore
C00543,Netra,Soman,F,1115076.0,ALAPPUZHA
C04875,Nirja,Dar,male,3475055.0,Madhyamgram
C02214,Viraj,Mahal,O,3084355.0,Jammu
C04867,Indira,Rege,female,1490567.0,
C02962,Lavanya,Boase,M,3133741.0,Ghaziabad
C02839,Pranav,Mohan,Other,463149.0,Kota
C02036,Neel,Bumb,female,2180983.0,Thane
C03171,Nilima,Bora,Female,3199939.0,New Delhi
C03182,Abhimanyu,Bhat,M,2752030.0,Chandrapur
C01309,Lajita,Modi,Female,493608.0,Tiruvottiyur
C01439,Omaja,Kata,Male,1296974.0,AKOLA
C02406,Theodore,Ravi,female,,Berhampore
C04535,Gaurika,Lalla,female,614510.0,Nagpur
C00821,Alka,Andra,,3388712.0,RAICHUR
C04212,Wridesh,Kala,Other,519625.0,
C03526,Karan,Kara,male,1891880.0,Erode
C01198,Logan,Lad,male,1496963.0,Sangli-Miraj & Kupwad
C02092,Yagnesh,Natt,male,3460749.0,Jaunpur
C04858,Riya,Parikh,Male,2388070.0,
C00942,Nidra,Dara,female,615485.0,Nadiad
C03170,Dalaja,Grover,F,3210331.0,Pudukkottai
C03691,Ekavir,Bhavsar,male,2232037.0,Korba
C02012,Ojasvi,Parikh,Male,2000016.0,Agra
C01746,Jason,Narang,Female,993097.0,
C04231,Ayush,Narayanan,female,2666633.0,dehri
C02495,Nathan,Pandit,M,2163427.0,Karawal Nagar
C01646,Arin,Ravi,Male,3314402.0,Thanjavur
C04850,Hemang,Halder,M,2080731.0,Kulti
C01249,Yashvi,Issac,O,2919489.0,Gorakhpur
C04899,Jagrati,Suresh,female,2753954.0,Udaipur
C04357,Ishwar,Raju,O,2541824.0,Jehanabad
C01342,Yash,Comar,Other,2282463.0,BIDHANNAGAR
C03841,Sara,Sachdev,female,1426180.0,Chennai
C03921,Ikbal,Nadig,Other,,RAURKELA INDUSTRIAL TOWNSHIP
C00212,Eshana,Sethi,Female,1143200.0,Shahjahanpur
C02246,Nicholas,Kothari,female,1557284.0,Hajipur
C00726,Zaitra,Dayal,M,424923.0,Suryapet
C01624,Dayamai,Karpe,O,3132462.0,Chittoor
C03341,Teerth,Dey,M,859087.0,Dhanbad
C04234,Kalpit,Arya,F,657242.0,shivpuri
C04745,Warjas,Dewan,O,2621552.0,kadapa
C00641,Diya,Sankar,M,810472.0,Mumbai
C03512,Madhavi,Radhakrishnan,male,,
C00388,Samuel,Khurana,female,2052018.0,Jaipur
C02368,Sachi,Pall,Other,1517815.0,Aurangabad
C01501,Eiravati,Saha,Other,480717.0,Satara
C01203,Yoshita,Sandhu,male,3053703.0,Phagwara
C00635,Ishaan,Misra,M,3016180.0,Farrukhabad
C00944,Sneha,Pai,Other,2604959.0,Jalandhar
C01404,Edhitha,Memon,Female,2445966.0,alappuzha
C00406,Akshay,Narain,Male,2284659.0,
C03458,Harshil,Dey,male,1218013.0,Kozhikode
C01414,Fiyaz,Nori,Female,1942222.0,Buxar
C00326,Ekavir,Dhar,Other,2611945.0,srikakulam
C02346,Orinder,Bhavsar,Female,769648.0,Aizawl
C01354,Anay,Maharaj,Other,1488378.0,Dehri
C02342,Leena,Keer,F,2765798.0,Thane
C04130,Pavani,Oak,male,3236279.0,Sagar
C01691,Amrita,Golla,female,1180672.0,Jamshedpur
C03402,Yochana,Goyal,Female,1870706.0,Karawal Nagar
C01413,Anusha,Halder,Other,2619427.0,Buxar
C04273,Tristan,Bera,male,1339537.0,Dehri
C02755,Kashish,Trivedi,male,,Katihar
C00297,Harini,Ahluwalia,Other,,
C00559,Advaith,Raju,M,3481227.0,Amroha
C04898,Banjeet,Dasgupta,M,415528.0,Ghaziabad
C03064,Suhani,Sridhar,F,2270270.0,Phusro
C01733,Warhi,Kapadia,M,3443201.0,Bhiwani
C02907,Lekha,Zacharia,Male,1197963.0,Silchar
C01310,Yagnesh,Tak,O,1001085.0,
C04638,Irya,Agarwal,Female,1907466.0,Saharanpur
C03598,Charan,Srinivas,,364186.0,Naihati
C02360,Meera,Rau,Male,1868290.0,PANIPAT
C02308,Owen,Sharaf,Female,540808.0,rourkela
C03464,Manbir,Rau,Female,2401671.0,Ludhiana
C01613,Sanya,Sule,male,1460272.0,south dumdum
C00897,Bishakha,Kaul,Other,2667361.0,Amritsar
C00249,Chandani,Chander,M,1039782.0,
C01441,Lavanya,Bahri,F,2343162.0,ETAWAH
C01841,Madhav,Mandal,male,773467.0,kozhikode
C02623,Bhavani,Luthra,Male,2536597.0,Varanasi
C02849,Jeet,Basak,O,2675554.0,Miryalaguda
C03153,Vaishnavi,Sahni,M,309066.0,kozhikode
C03471,Banjeet,Dhingra,male,1513620.0,Gurgaon
C04280,Sai,Bhatnagar,Other,2614236.0,KARIMNAGAR
C00437,Tanveer,Bhatnagar,F,446831.0,KHAMMAM
C01133,Karan,Bora,Male,3197930.0,Rajkot
C02598,Samuel,Chada,Female,2480130.0,Nizamabad
C03983,Gabriel,Ratti,male,2316830.0,jamnagar
C04565,Kavya,Bajaj,M,2330628.0,Guntur
C00034,Aadhya,Nagarajan,O,2285310.0,latur
C01726,Caleb,Gera,O,3319383.0,Katni
C01618,Dhruv,Balan,male,2245260.0,Naihati
C00830,Kala,Magar,Other,735199.0,Ambala
C03819,Jai,Rama,Female,,Dehradun
C03750,Fiyaz,Mistry,male,2670763.0,
C00467,Kamala,Tiwari,Female,1334556.0,
C01417,Oni,Ravel,Male,1457603.0,Guntakal
C00832,Unnati,Nanda,female,789271.0,
C04260,Sanaya,Shere,female,2828395.0,Bhatpara
C04508,Farhan,Ravel,,1253357.0,
C00678,Onveer,Ramesh,F,3065204.0,Satna
C04583,Libni,Patla,M,1739209.0,BAREILLY
C01141,Nachiket,Aggarwal,male,946281.0,Bally
C04432,Diya,Bumb,F,419233.0,Nadiad
C00996,Balvan,Sandhu,male,336069.0,davanagere
C02448,Neha,Sheth,O,2630060.0,bidar
C00877,Dhriti,Manda,M,2837624.0,NEW DELHI
C04132,Unni,Arora,Male,1895044.0,Bikaner
C03917,Megha,Munshi,Female,594153.0,Tadepalligudem
C04601,Caleb,Arya,male,1865910.0,Bijapur
C03977,Ridhi,Bawa,Female,1591541.0,Dindigul
C02447,Dhruv,Bajaj,Male,2064087.0,Amaravati
C01437,Idika,Sachar,M,1441963.0,Bhilwara
C03854,Bhanumati,Talwar,M,1029239.0,Aizawl
C04182,Kiaan,Kale,Male,1662547.0,Bareilly
C03259,Ekaraj,Bhalla,O,1444833.0,SURYAPET
C01968,Upasna,Goyal,Male,767716.0,South Dumdum
C02927,Devika,Mand,male,981367.0,Guntur
C04281,Agastya,Palla,Male,733843.0,Kavali
C00903,Umang,Vala,female,777042.0,Chandrapur
C03039,Aarini,Mody,Male,1838036.0,Maheshtala
C01678,Jonathan,Nayar,Other,3422877.0,Miryalaguda
C03281,Yashica,Singhal,male,473484.0,Kharagpur
C04099,David,Banerjee,F,1050971.0,Gandhinagar
C04507,Akshay,Bahl,Other,2067269.0,Bareilly
C03988,Nidhi,Grover,M,783433.0,Ujjain
C04153,Gautami,Sura,,1311392.0,Imphal
C00799,Girindra,Chada,male,1675969.0,Rampur
C02484,Lakshit,Ram,,831485.0,Bilaspur
C03236,Gaurangi,Garg,Male,3149984.0,Bahraich
C00577,Ansh,Zachariah,F,649493.0,katihar
C03288,Omaja,Nagi,Male,,Bareilly
C04620,Sachi,Sidhu,F,2305179.0,
C00102,Turvi,Kalla,Male,2453200.0,Muzaffarpur
C04536,Riya,Memon,Female,2142125.0,Tinsukia
C01132,Hamsini,Pall,Other,400222.0,Anand
C01707,Anay,Chacko,,,VIJAYANAGARAM
C02187,Wriddhish,Pradhan,Female,3249878.0,RAMAGUNDAM
C02582,Chasmum,Sarma,female,1106991.0,raurkela industrial township
C02961,Manthan,Bala,,2129923.0,Tumkur
C00439,Wahab,Rau,Male,565896.0,saharanpur
C01150,Pavani,Devan,male,2213835.0,
C03482,Arunima,Mital,Other,,Kota
C00526,Chasmum,Kar,Male,1054790.0,Tadipatri
C04358,Xavier,Madan,O,1861138.0,Haldia
C03953,Victor,Dhar,Other,1475320.0,
C04186,Vansha,Brahmbhatt,O,3380039.0,Jalna
C03754,Siya,Chaudhry,Male,1606864.0,Berhampore
C01840,Chakrika,Swaminathan,O,1584392.0,NANDYAL
C03864,Prisha,Dass,Male,1937379.0,Baranagar
C02290,Ishani,Merchant,M,3251252.0,
C00700,Aarna,Kapur,Female,2199652.0,Nagaon
C03044,Siya,Mallick,M,3009394.0,Chandigarh
C01189,Omya,Bhardwaj,Male,1224257.0,Panchkula
C03800,Avi,Mitter,O,2708166.0,Nagercoil
C02052,Advika,Arora,M,1017627.0,Navi Mumbai
C00541,Gaurangi,Bassi,F,2206031.0,Bhimavaram
C02966,Balendra,Ramanathan,F,3359976.0,
C01789,Balveer,Mittal,male,623942.0,
C02040,Harsh,Rao,F,,Singrauli
C03312,Lekha,Raman,O,3379795.0,Bahraich
C01632,Yutika,Mody,O,888854.0,Hosur
C04104,Devansh,Shenoy,M,562177.0,Kumbakonam
C01255,Devika,Khurana,Other,2698928.0,Vasai-Virar
C04844,Chandran,Tata,male,3007961.0,Kalyan-Dombivli
C00926,Gunbir,Subramaniam,O,1225079.0,Guna
C03483,Neel,Karan,female,1078172.0,Ludhiana
C00660,Vincent,Wable,female,428529.0,Burhanpur
C03992,Samarth,Tella,M,2413999.0,Jabalpur
C00982,Luke,Dhingra,male,818031.0,KISHANGANJ
C01586,Yasti,Babu,,2972416.0,aurangabad
C02855,Upasna,Mital,O,764728.0,Phagwara
C04398,Tarak,Rege,female,1785319.0,Farrukhabad
C02066,Jacob,Soman,M,1192689.0,Serampore
C01035,Veda,Dua,M,3481056.0,Warangal
C02564,Lila,Bhatti,O,,kulti
C02957,Divya,Pal,Male,1566180.0,Saharanpur
C00569,Aryan,Kanda,Female,1389893.0,Sonipat
C02823,Bachittar,Keer,O,1886051.0,Phusro
C01045,Lila,Khalsa,male,2375976.0,ambala
C04526,Pratyush,Purohit,male,1855664.0,Firozabad
C04799,Vyanjana,Gala,Other,1508348.0,Aizawl
C00564,Sathvik,Garde,F,2139609.0,Karnal
C01917,Vasatika,Bhavsar,O,528060.0,Ramgarh
C03159,Divya,Gole,Other,2613905.0,Gandhidham
C04977,Utkarsh,Chowdhury,Other,2627893.0,Thiruvananthapuram
C00658,Atharv,Mand,O,1252565.0,Jaunpur
C02131,Jhalak,Madan,female,,Siliguri
C04955,Ekavir,Raj,male,1609011.0,Patiala
C01681,Faraj,Shroff,M,1611314.0,Secunderabad
C01330,Vasudha,Vig,Male,,Bulandshahr
C04175,Atharv,Choudhary,O,1854783.0,Udaipur
C04922,Hamsini,Raghavan,female,2610280.0,Bharatpur
C02809,Indira,Nagar,Other,789664.0,
C02113,Gopal,Jha,Female,3287907.0,Nagercoil
C02972,Eta,Trivedi,male,1273256.0,Bettiah
C00177,Aarna,Bhatia,male,2261955.0,Guntur
C00440,Quincy,Mane,F,733177.0,BHUBANESWAR
C02334,Gauri,Kadakia,male,2114688.0,Kota
C02702,Ayushman,Bhatt,Other,968354.0,Khandwa
C02757,Janya,Khanna,Other,3139708.0,Nadiad
C02282,Darika,Bail,male,1242165.0,Bijapur
